sep=,
ID_Log,Remetente,Telefones,Agencia,Conta,Endereco_Completo,Banco_Destino,Chave_Pix,Data_Hora,Valor
"TX-001,Cliente 01,(61) 91409-5506,1001,770487-1,""Rua 7, Conjunto F, Águas Claras, DF"",Banco do Brasil,68370720873,14/06/2026 20:38:57,158.69"
"TX-002,Cliente 01,""(61) 91409-5506, (61) 3250-4657"",1001,770487-1,Rua 7 Conj F - Águas Claras / DF,Nubank,38180332966,14/06/2026 11:43:14,1110.00"
"TX-003,Cliente 01,(61) 91409-5506,1001,770487-1,""Águas Claras, Rua 7, Bloco F"",Santander,54764787985,14/06/2026 18:03:17,785.84"
"TX-004,Cliente 02,(61) 92674-2519,1002,900581-5,""Quadra 23, Conjunto E, Sobradinho, DF"",Caixa,73263716304,14/06/2026 12:30:51,4865.85"
"TX-005,Cliente 02,""(61) 92674-2519, (61) 3389-2584"",1002,900581-5,Quadra 23 Conj E - Sobradinho / DF,Sicoob,(61) 92674-2519,14/06/2026 14:27:05,2890.99"
"TX-006,Cliente 02,(61) 92674-2519,1002,900581-5,""Sobradinho, Quadra 23, Bloco E"",Santander,42904875417,14/06/2026 20:01:04,4926.26"
"TX-007,Cliente 03,(61) 92654-7227,1003,996865-3,""Quadra 11, Conjunto C, Sobradinho, DF"",Caixa,(61) 92654-7227,14/06/2026 14:03:13,3049.56"
"TX-008,Cliente 03,""(61) 92654-7227, (61) 3284-8428"",1003,996865-3,Quadra 11 Conj C - Sobradinho / DF,Bradesco,cliente03@exemplo.com,14/06/2026 10:55:34,2316.68"
"TX-009,Cliente 03,(61) 92654-7227,1003,996865-3,""Sobradinho, Quadra 11, Bloco C"",Sicoob,cliente03@exemplo.com,14/06/2026 12:36:59,4215.83"
"TX-010,Cliente 04,(61) 94752-1525,1004,913694-0,""Setor 18, Conjunto A, Gama, DF"",Itaú,(61) 94752-1525,14/06/2026 11:36:58,3280.64"
"TX-011,Cliente 04,""(61) 94752-1525, (61) 3824-6168"",1004,913694-0,Setor 18 Conj A - Gama / DF,Bradesco,43cf2fde24933b83,14/06/2026 14:45:56,1240.67"
"TX-012,Cliente 04,(61) 94752-1525,1004,913694-0,""Gama, Setor 18, Bloco A"",Nubank,(61) 94752-1525,14/06/2026 17:34:34,4490.14"
"TX-013,Cliente 05,(61) 94593-3266,1005,518801-5,""QNA 4, Conjunto A, Taguatinga, DF"",Nubank,cliente05@exemplo.com,14/06/2026 10:36:40,2986.08"
"TX-014,Cliente 05,""(61) 94593-3266, (61) 3521-9085"",1005,518801-5,QNA 4 Conj A - Taguatinga / DF,Banco do Brasil,405cacec877409a9,14/06/2026 14:34:24,3404.61"
"TX-015,Cliente 05,(61) 94593-3266,1005,518801-5,""Taguatinga, QNA 4, Bloco A"",Sicoob,(61) 94593-3266,14/06/2026 09:57:43,566.65"
"TX-016,Cliente 06,(61) 98433-1053,1006,555884-2,""Quadra 12, Conjunto E, Recanto das Emas, DF"",Itaú,(61) 98433-1053,14/06/2026 09:48:55,772.67"
"TX-017,Cliente 06,""(61) 98433-1053, (61) 3976-5315"",1006,555884-2,Quadra 12 Conj E - Recanto das Emas / DF,Inter,55522120372,14/06/2026 21:00:10,107.19"
"TX-018,Cliente 06,(61) 98433-1053,1006,555884-2,""Recanto das Emas, Quadra 12, Bloco E"",Itaú,(61) 98433-1053,14/06/2026 14:11:56,299.05"
"TX-019,Cliente 07,(61) 92403-8962,1007,694916-1,""Quadra 9, Conjunto B, Recanto das Emas, DF"",Santander,cliente07@exemplo.com,14/06/2026 19:15:30,2643.09"
"TX-020,Cliente 07,""(61) 92403-8962, (61) 3835-2133"",1007,694916-1,Quadra 9 Conj B - Recanto das Emas / DF,Itaú,cliente07@exemplo.com,14/06/2026 18:21:27,3567.62"
"TX-021,Cliente 07,(61) 92403-8962,1007,694916-1,""Recanto das Emas, Quadra 9, Bloco B"",Inter,(61) 92403-8962,14/06/2026 14:48:42,4499.07"
"TX-022,Cliente 08,(61) 95061-4681,1008,573417-1,""QE 38, Conjunto E, Guará, DF"",Banco do Brasil,cliente08@exemplo.com,14/06/2026 11:55:37,364.26"
"TX-023,Cliente 08,""(61) 95061-4681, (61) 3065-6539"",1008,573417-1,QE 38 Conj E - Guará / DF,Caixa,cliente08@exemplo.com,14/06/2026 18:46:03,4528.05"
"TX-024,Cliente 08,(61) 95061-4681,1008,573417-1,""Guará, QE 38, Bloco E"",Santander,42273054800,14/06/2026 22:40:21,3348.20"
"TX-025,Cliente 09,(61) 93167-8744,1009,324643-8,""Setor 13, Conjunto A, Gama, DF"",Nubank,6c6fa6115ab33edf,14/06/2026 09:39:42,2340.45"
"TX-026,Cliente 09,""(61) 93167-8744, (61) 3248-8749"",1009,324643-8,Setor 13 Conj A - Gama / DF,Sicoob,61799937007,14/06/2026 20:26:03,4004.96"
"TX-027,Cliente 09,(61) 93167-8744,1009,324643-8,""Gama, Setor 13, Bloco A"",Itaú,cliente09@exemplo.com,14/06/2026 09:51:15,2686.07"
"TX-028,Cliente 10,(61) 94006-5563,1010,246991-6,""QNA 29, Conjunto E, Taguatinga, DF"",Itaú,22751741827,14/06/2026 09:40:03,839.89"
"TX-029,Cliente 10,""(61) 94006-5563, (61) 3473-5092"",1010,246991-6,QNA 29 Conj E - Taguatinga / DF,Nubank,cliente10@exemplo.com,14/06/2026 16:17:30,4513.19"
"TX-030,Cliente 10,(61) 94006-5563,1010,246991-6,""Taguatinga, QNA 29, Bloco E"",Santander,65771476808,14/06/2026 10:48:24,4633.33"
"TX-031,Cliente 11,(61) 95673-7930,1011,923267-7,""Rua 13, Conjunto C, Águas Claras, DF"",Banco do Brasil,56162203547,14/06/2026 11:42:03,260.21"
"TX-032,Cliente 11,""(61) 95673-7930, (61) 3713-8973"",1011,923267-7,Rua 13 Conj C - Águas Claras / DF,Banco do Brasil,cliente11@exemplo.com,14/06/2026 16:08:32,4804.29"
"TX-033,Cliente 11,(61) 95673-7930,1011,923267-7,""Águas Claras, Rua 13, Bloco C"",Caixa,cliente11@exemplo.com,14/06/2026 09:22:54,2979.23"
"TX-034,Cliente 12,(61) 97615-2964,1012,808011-3,""QS 39, Conjunto A, Riacho Fundo, DF"",Sicoob,956b8c0ca8499b92,14/06/2026 18:34:05,4674.18"
"TX-035,Cliente 12,""(61) 97615-2964, (61) 3964-5033"",1012,808011-3,QS 39 Conj A - Riacho Fundo / DF,Itaú,(61) 97615-2964,14/06/2026 11:29:42,1335.42"
"TX-036,Cliente 12,(61) 97615-2964,1012,808011-3,""Riacho Fundo, QS 39, Bloco A"",Inter,(61) 97615-2964,14/06/2026 10:14:42,1587.72"
"TX-037,Cliente 13,(61) 91152-8508,1013,888387-1,""QNA 35, Conjunto B, Taguatinga, DF"",Sicoob,cliente13@exemplo.com,14/06/2026 16:38:16,4405.51"
"TX-038,Cliente 13,""(61) 91152-8508, (61) 3636-2638"",1013,888387-1,QNA 35 Conj B - Taguatinga / DF,Santander,(61) 91152-8508,14/06/2026 23:00:15,797.16"
"TX-039,Cliente 13,(61) 91152-8508,1013,888387-1,""Taguatinga, QNA 35, Bloco B"",Banco do Brasil,(61) 91152-8508,14/06/2026 22:13:34,3342.64"
"TX-040,Cliente 14,(61) 92697-3200,1014,681542-4,""QNA 36, Conjunto B, Taguatinga, DF"",Sicoob,cliente14@exemplo.com,14/06/2026 12:38:18,1025.95"
"TX-041,Cliente 14,""(61) 92697-3200, (61) 3270-2891"",1014,681542-4,QNA 36 Conj B - Taguatinga / DF,Inter,(61) 92697-3200,14/06/2026 18:49:54,1263.10"
"TX-042,Cliente 14,(61) 92697-3200,1014,681542-4,""Taguatinga, QNA 36, Bloco B"",Santander,68558805795,14/06/2026 22:26:03,229.99"
"TX-043,Cliente 15,(61) 95291-3647,1015,449759-2,""Quadra 28, Conjunto E, Recanto das Emas, DF"",Banco do Brasil,83654627323,14/06/2026 08:09:07,4174.63"
"TX-044,Cliente 15,""(61) 95291-3647, (61) 3759-8239"",1015,449759-2,Quadra 28 Conj E - Recanto das Emas / DF,Nubank,cliente15@exemplo.com,14/06/2026 17:56:35,645.95"
"TX-045,Cliente 15,(61) 95291-3647,1015,449759-2,""Recanto das Emas, Quadra 28, Bloco E"",Itaú,61105492160,14/06/2026 13:15:23,3413.51"
"TX-046,Cliente 16,(61) 96794-7658,1016,799330-1,""QNM 11, Conjunto B, Ceilândia, DF"",Sicoob,cliente16@exemplo.com,14/06/2026 15:02:01,3914.11"
"TX-047,Cliente 16,""(61) 96794-7658, (61) 3997-3532"",1016,799330-1,QNM 11 Conj B - Ceilândia / DF,Santander,cliente16@exemplo.com,14/06/2026 15:01:51,804.40"
"TX-048,Cliente 16,(61) 96794-7658,1016,799330-1,""Ceilândia, QNM 11, Bloco B"",Inter,09e9db0adf465290,14/06/2026 19:58:06,1119.94"
"TX-049,Cliente 17,(61) 96728-6000,1017,956253-7,""QNM 2, Conjunto F, Ceilândia, DF"",Santander,(61) 96728-6000,14/06/2026 11:17:25,4323.12"
"TX-050,Cliente 17,""(61) 96728-6000, (61) 3840-4728"",1017,956253-7,QNM 2 Conj F - Ceilândia / DF,Nubank,(61) 96728-6000,14/06/2026 21:11:17,3400.80"
"TX-051,Cliente 17,(61) 96728-6000,1017,956253-7,""Ceilândia, QNM 2, Bloco F"",Banco do Brasil,(61) 96728-6000,14/06/2026 22:23:34,585.56"
"TX-052,Cliente 18,(61) 95349-1626,1018,373903-2,""Quadra 21, Conjunto D, Sobradinho, DF"",Santander,38246230573,14/06/2026 18:20:32,231.49"
"TX-053,Cliente 18,""(61) 95349-1626, (61) 3111-8119"",1018,373903-2,Quadra 21 Conj D - Sobradinho / DF,Sicoob,cliente18@exemplo.com,14/06/2026 15:26:00,2162.17"
"TX-054,Cliente 18,(61) 95349-1626,1018,373903-2,""Sobradinho, Quadra 21, Bloco D"",Sicoob,(61) 95349-1626,14/06/2026 19:20:58,3320.30"
"TX-055,Cliente 19,(61) 99308-6067,1019,230679-4,""Quadra 26, Conjunto F, Sobradinho, DF"",Itaú,cliente19@exemplo.com,14/06/2026 13:02:35,2108.03"
"TX-056,Cliente 19,""(61) 99308-6067, (61) 3682-7691"",1019,230679-4,Quadra 26 Conj F - Sobradinho / DF,Santander,cliente19@exemplo.com,14/06/2026 14:28:43,2036.32"
"TX-057,Cliente 19,(61) 99308-6067,1019,230679-4,""Sobradinho, Quadra 26, Bloco F"",Santander,(61) 99308-6067,14/06/2026 22:13:00,1058.81"
"TX-058,Cliente 20,(61) 96279-8618,1020,923927-9,""QNM 33, Conjunto D, Ceilândia, DF"",Caixa,cliente20@exemplo.com,14/06/2026 21:32:57,1426.09"
"TX-059,Cliente 20,""(61) 96279-8618, (61) 3452-8244"",1020,923927-9,QNM 33 Conj D - Ceilândia / DF,Caixa,(61) 96279-8618,14/06/2026 19:19:40,4093.93"
"TX-060,Cliente 20,(61) 96279-8618,1020,923927-9,""Ceilândia, QNM 33, Bloco D"",Itaú,(61) 96279-8618,14/06/2026 20:49:15,4034.75"
"TX-061,Cliente 21,(61) 91757-5011,1021,254511-0,""Vila 27, Conjunto F, Planaltina, DF"",Itaú,664fa6637e8f8095,14/06/2026 17:49:12,746.38"
"TX-062,Cliente 21,""(61) 91757-5011, (61) 3486-2193"",1021,254511-0,Vila 27 Conj F - Planaltina / DF,Itaú,69177865049,14/06/2026 19:44:00,887.67"
"TX-063,Cliente 21,(61) 91757-5011,1021,254511-0,""Planaltina, Vila 27, Bloco F"",Itaú,8eb225790cdb1ca4,14/06/2026 19:52:33,4588.18"
"TX-064,Cliente 22,(61) 93184-8612,1022,227253-7,""Quadra 39, Conjunto C, Recanto das Emas, DF"",Nubank,d0a444329cd6c852,14/06/2026 20:53:57,4154.54"
"TX-065,Cliente 22,""(61) 93184-8612, (61) 3683-9702"",1022,227253-7,Quadra 39 Conj C - Recanto das Emas / DF,Inter,cliente22@exemplo.com,14/06/2026 17:21:28,2255.85"
"TX-066,Cliente 22,(61) 93184-8612,1022,227253-7,""Recanto das Emas, Quadra 39, Bloco C"",Inter,(61) 93184-8612,14/06/2026 20:49:15,3137.47"
"TX-067,Cliente 23,(61) 92269-5681,1023,387936-7,""Quadra 21, Conjunto E, Sobradinho, DF"",Itaú,cliente23@exemplo.com,14/06/2026 09:22:08,1921.35"
"TX-068,Cliente 23,""(61) 92269-5681, (61) 3240-5451"",1023,387936-7,Quadra 21 Conj E - Sobradinho / DF,Caixa,cliente23@exemplo.com,14/06/2026 10:36:45,2080.19"
"TX-069,Cliente 23,(61) 92269-5681,1023,387936-7,""Sobradinho, Quadra 21, Bloco E"",Itaú,0ff0a55c6a702e2f,14/06/2026 13:38:34,4166.13"
"TX-070,Cliente 24,(61) 91320-7232,1024,508396-9,""Quadra 20, Conjunto D, Sobradinho, DF"",Itaú,bf5d2fdf89c8d2ab,14/06/2026 22:33:57,2446.27"
"TX-071,Cliente 24,""(61) 91320-7232, (61) 3488-1096"",1024,508396-9,Quadra 20 Conj D - Sobradinho / DF,Sicoob,638c254c076e2bba,14/06/2026 12:39:27,3347.68"
"TX-072,Cliente 24,(61) 91320-7232,1024,508396-9,""Sobradinho, Quadra 20, Bloco D"",Inter,cliente24@exemplo.com,14/06/2026 21:37:25,4598.51"
"TX-073,Cliente 25,(61) 91441-7455,1025,752483-8,""QNA 28, Conjunto B, Taguatinga, DF"",Banco do Brasil,cliente25@exemplo.com,14/06/2026 22:47:29,1308.18"
"TX-074,Cliente 25,""(61) 91441-7455, (61) 3606-1444"",1025,752483-8,QNA 28 Conj B - Taguatinga / DF,Nubank,56666f9f53ac2ab9,14/06/2026 13:35:13,1398.50"
"TX-075,Cliente 25,(61) 91441-7455,1025,752483-8,""Taguatinga, QNA 28, Bloco B"",Caixa,(61) 91441-7455,14/06/2026 22:11:26,2356.83"
"TX-076,Cliente 26,(61) 91853-6733,1026,885408-8,""QE 2, Conjunto B, Guará, DF"",Itaú,29848485517,14/06/2026 11:24:53,639.84"
"TX-077,Cliente 26,""(61) 91853-6733, (61) 3229-2124"",1026,885408-8,QE 2 Conj B - Guará / DF,Inter,cliente26@exemplo.com,14/06/2026 19:25:07,3500.33"
"TX-078,Cliente 26,(61) 91853-6733,1026,885408-8,""Guará, QE 2, Bloco B"",Caixa,cliente26@exemplo.com,14/06/2026 21:05:23,3891.18"
"TX-079,Cliente 27,(61) 92771-1420,1027,271720-4,""QS 25, Conjunto D, Riacho Fundo, DF"",Itaú,99466623911,14/06/2026 20:12:12,518.49"
"TX-080,Cliente 27,""(61) 92771-1420, (61) 3951-6111"",1027,271720-4,QS 25 Conj D - Riacho Fundo / DF,Nubank,57421030846,14/06/2026 21:11:19,3310.99"
"TX-081,Cliente 27,(61) 92771-1420,1027,271720-4,""Riacho Fundo, QS 25, Bloco D"",Banco do Brasil,(61) 92771-1420,14/06/2026 09:10:32,4249.38"
"TX-082,Cliente 28,(61) 92729-8102,1028,962276-7,""Vila 10, Conjunto D, Planaltina, DF"",Inter,(61) 92729-8102,14/06/2026 11:00:46,2329.72"
"TX-083,Cliente 28,""(61) 92729-8102, (61) 3983-6934"",1028,962276-7,Vila 10 Conj D - Planaltina / DF,Sicoob,(61) 92729-8102,14/06/2026 22:05:46,4260.05"
"TX-084,Cliente 28,(61) 92729-8102,1028,962276-7,""Planaltina, Vila 10, Bloco D"",Inter,42000950925,14/06/2026 22:10:59,2853.55"
"TX-085,Cliente 29,(61) 96511-1470,1029,800646-6,""Rua 32, Conjunto B, Águas Claras, DF"",Sicoob,(61) 96511-1470,14/06/2026 14:03:51,1405.50"
"TX-086,Cliente 29,""(61) 96511-1470, (61) 3506-6325"",1029,800646-6,Rua 32 Conj B - Águas Claras / DF,Banco do Brasil,(61) 96511-1470,14/06/2026 18:10:44,2587.97"
"TX-087,Cliente 29,(61) 96511-1470,1029,800646-6,""Águas Claras, Rua 32, Bloco B"",Nubank,cliente29@exemplo.com,14/06/2026 11:15:05,2448.00"
"TX-088,Cliente 30,(61) 98800-9041,1030,894993-3,""QNA 19, Conjunto B, Taguatinga, DF"",Santander,cliente30@exemplo.com,14/06/2026 14:54:44,3323.16"
"TX-089,Cliente 30,""(61) 98800-9041, (61) 3458-1282"",1030,894993-3,QNA 19 Conj B - Taguatinga / DF,Nubank,(61) 98800-9041,14/06/2026 14:17:30,4983.19"
"TX-090,Cliente 30,(61) 98800-9041,1030,894993-3,""Taguatinga, QNA 19, Bloco B"",Inter,(61) 98800-9041,14/06/2026 17:23:21,1361.87"
"TX-091,Cliente 31,(61) 92976-4155,1031,363615-3,""Quadra 12, Conjunto B, Recanto das Emas, DF"",Santander,b97e670346c8adfe,14/06/2026 11:41:47,4902.75"
"TX-092,Cliente 31,""(61) 92976-4155, (61) 3323-2958"",1031,363615-3,Quadra 12 Conj B - Recanto das Emas / DF,Itaú,(61) 92976-4155,14/06/2026 22:12:12,1810.80"
"TX-093,Cliente 31,(61) 92976-4155,1031,363615-3,""Recanto das Emas, Quadra 12, Bloco B"",Santander,cliente31@exemplo.com,14/06/2026 13:09:00,237.12"
"TX-094,Cliente 32,(61) 95786-3068,1032,157174-8,""QNA 1, Conjunto E, Taguatinga, DF"",Bradesco,5738811d70c2903f,14/06/2026 12:51:30,4827.83"
"TX-095,Cliente 32,""(61) 95786-3068, (61) 3653-9042"",1032,157174-8,QNA 1 Conj E - Taguatinga / DF,Caixa,d2762bdc1d34d08e,14/06/2026 12:18:55,2009.53"
"TX-096,Cliente 32,(61) 95786-3068,1032,157174-8,""Taguatinga, QNA 1, Bloco E"",Santander,27831531731,14/06/2026 09:15:36,435.05"
"TX-097,Cliente 33,(61) 97818-4697,1033,360247-1,""Setor 29, Conjunto D, Gama, DF"",Banco do Brasil,9191b3634e2d6645,14/06/2026 13:04:55,3052.06"
"TX-098,Cliente 33,""(61) 97818-4697, (61) 3794-9561"",1033,360247-1,Setor 29 Conj D - Gama / DF,Itaú,cliente33@exemplo.com,14/06/2026 20:37:06,1330.58"
"TX-099,Cliente 33,(61) 97818-4697,1033,360247-1,""Gama, Setor 29, Bloco D"",Bradesco,cliente33@exemplo.com,14/06/2026 09:23:10,2764.44"
"TX-100,Cliente 34,(61) 97693-8381,1034,264136-0,""QN 3, Conjunto B, Samambaia, DF"",Inter,(61) 97693-8381,14/06/2026 12:55:45,365.19"
"TX-101,Cliente 34,""(61) 97693-8381, (61) 3705-8699"",1034,264136-0,QN 3 Conj B - Samambaia / DF,Itaú,(61) 97693-8381,14/06/2026 11:59:59,2131.44"
"TX-102,Cliente 34,(61) 97693-8381,1034,264136-0,""Samambaia, QN 3, Bloco B"",Santander,cliente34@exemplo.com,14/06/2026 17:17:14,4134.89"
"TX-103,Cliente 35,(61) 93718-6039,1035,174878-0,""Vila 8, Conjunto D, Planaltina, DF"",Inter,45b1ed25f1533ae8,14/06/2026 19:45:19,2194.42"
"TX-104,Cliente 35,""(61) 93718-6039, (61) 3609-5728"",1035,174878-0,Vila 8 Conj D - Planaltina / DF,Santander,5283aac7bc0a6a5d,14/06/2026 18:12:02,139.07"
"TX-105,Cliente 35,(61) 93718-6039,1035,174878-0,""Planaltina, Vila 8, Bloco D"",Banco do Brasil,88466952366,14/06/2026 11:54:43,3817.91"
"TX-106,Cliente 36,(61) 99502-8245,1036,283700-7,""Rua 38, Conjunto D, Águas Claras, DF"",Inter,175ba98df8140102,14/06/2026 18:50:52,1746.33"
"TX-107,Cliente 36,""(61) 99502-8245, (61) 3938-5557"",1036,283700-7,Rua 38 Conj D - Águas Claras / DF,Sicoob,35158772080,14/06/2026 13:41:20,2064.11"
"TX-108,Cliente 36,(61) 99502-8245,1036,283700-7,""Águas Claras, Rua 38, Bloco D"",Banco do Brasil,c2b01cfdd045dd1c,14/06/2026 16:27:18,2279.58"
"TX-109,Cliente 37,(61) 96296-2899,1037,429795-4,""Quadra 1, Conjunto F, Recanto das Emas, DF"",Itaú,0de051a669ca97d2,14/06/2026 22:50:34,2597.01"
"TX-110,Cliente 37,""(61) 96296-2899, (61) 3993-7622"",1037,429795-4,Quadra 1 Conj F - Recanto das Emas / DF,Banco do Brasil,71299889a01ac992,14/06/2026 18:37:48,1025.76"
"TX-111,Cliente 37,(61) 96296-2899,1037,429795-4,""Recanto das Emas, Quadra 1, Bloco F"",Inter,(61) 96296-2899,14/06/2026 17:22:08,4405.42"
"TX-112,Cliente 38,(61) 91472-4920,1038,608257-1,""QN 36, Conjunto A, Samambaia, DF"",Caixa,70616853949,14/06/2026 17:25:26,3242.07"
"TX-113,Cliente 38,""(61) 91472-4920, (61) 3726-3594"",1038,608257-1,QN 36 Conj A - Samambaia / DF,Santander,(61) 91472-4920,14/06/2026 10:37:31,2083.30"
"TX-114,Cliente 38,(61) 91472-4920,1038,608257-1,""Samambaia, QN 36, Bloco A"",Inter,cliente38@exemplo.com,14/06/2026 16:14:30,2760.81"
"TX-115,Cliente 39,(61) 99327-3236,1039,502219-3,""QN 27, Conjunto C, Samambaia, DF"",Banco do Brasil,(61) 99327-3236,14/06/2026 21:26:32,1421.37"
"TX-116,Cliente 39,""(61) 99327-3236, (61) 3884-2143"",1039,502219-3,QN 27 Conj C - Samambaia / DF,Inter,260a5962dd81b7f5,14/06/2026 13:05:53,2697.52"
"TX-117,Cliente 39,(61) 99327-3236,1039,502219-3,""Samambaia, QN 27, Bloco C"",Sicoob,eecf67d2749176f4,14/06/2026 13:53:21,4349.31"
"TX-118,Cliente 40,(61) 97274-4826,1040,831380-3,""QE 21, Conjunto F, Guará, DF"",Bradesco,fd08b32c62d60e93,14/06/2026 16:04:45,2481.69"
"TX-119,Cliente 40,""(61) 97274-4826, (61) 3876-7730"",1040,831380-3,QE 21 Conj F - Guará / DF,Caixa,(61) 97274-4826,14/06/2026 08:37:08,4372.21"
"TX-120,Cliente 40,(61) 97274-4826,1040,831380-3,""Guará, QE 21, Bloco F"",Bradesco,b8f2142303edd1f8,14/06/2026 15:30:06,2055.79"
"TX-121,Cliente 41,(61) 92225-8692,1041,786587-2,""Quadra 40, Conjunto F, Sobradinho, DF"",Nubank,56607977055,14/06/2026 14:47:41,4771.16"
"TX-122,Cliente 41,""(61) 92225-8692, (61) 3800-5342"",1041,786587-2,Quadra 40 Conj F - Sobradinho / DF,Banco do Brasil,8a80068ddf547e50,14/06/2026 18:41:45,3091.12"
"TX-123,Cliente 41,(61) 92225-8692,1041,786587-2,""Sobradinho, Quadra 40, Bloco F"",Itaú,(61) 92225-8692,14/06/2026 12:00:40,3736.36"
"TX-124,Cliente 42,(61) 92646-8269,1042,555052-1,""QE 3, Conjunto C, Guará, DF"",Sicoob,(61) 92646-8269,14/06/2026 21:35:03,1880.46"
"TX-125,Cliente 42,""(61) 92646-8269, (61) 3170-5906"",1042,555052-1,QE 3 Conj C - Guará / DF,Bradesco,ae8a781390e0a95b,14/06/2026 10:29:15,858.22"
"TX-126,Cliente 42,(61) 92646-8269,1042,555052-1,""Guará, QE 3, Bloco C"",Itaú,aee1e86b9ea556aa,14/06/2026 09:20:39,2493.36"
"TX-127,Cliente 43,(61) 94804-8555,1043,711484-2,""Vila 17, Conjunto F, Planaltina, DF"",Bradesco,49a23a89e6b5a92c,14/06/2026 08:09:57,378.57"
"TX-128,Cliente 43,""(61) 94804-8555, (61) 3653-5161"",1043,711484-2,Vila 17 Conj F - Planaltina / DF,Nubank,(61) 94804-8555,14/06/2026 13:53:37,3454.66"
"TX-129,Cliente 43,(61) 94804-8555,1043,711484-2,""Planaltina, Vila 17, Bloco F"",Itaú,(61) 94804-8555,14/06/2026 15:47:54,4996.87"
"TX-130,Cliente 44,(61) 92747-4886,1044,994787-7,""QS 19, Conjunto F, Riacho Fundo, DF"",Banco do Brasil,0212b554464458b4,14/06/2026 13:02:01,4553.98"
"TX-131,Cliente 44,""(61) 92747-4886, (61) 3390-6881"",1044,994787-7,QS 19 Conj F - Riacho Fundo / DF,Itaú,(61) 92747-4886,14/06/2026 20:43:31,3039.25"
"TX-132,Cliente 44,(61) 92747-4886,1044,994787-7,""Riacho Fundo, QS 19, Bloco F"",Santander,cliente44@exemplo.com,14/06/2026 14:00:14,3392.04"
"TX-133,Cliente 45,(61) 92591-1645,1045,855948-2,""QE 38, Conjunto C, Guará, DF"",Sicoob,52561527386,14/06/2026 20:29:08,3739.93"
"TX-134,Cliente 45,""(61) 92591-1645, (61) 3316-8222"",1045,855948-2,QE 38 Conj C - Guará / DF,Sicoob,cliente45@exemplo.com,14/06/2026 10:59:12,2658.95"
"TX-135,Cliente 45,(61) 92591-1645,1045,855948-2,""Guará, QE 38, Bloco C"",Santander,cliente45@exemplo.com,14/06/2026 12:39:53,4571.10"
"TX-136,Cliente 46,(61) 96549-2886,1046,605254-4,""Rua 15, Conjunto F, Águas Claras, DF"",Sicoob,d882b5c1f79efd70,14/06/2026 20:21:43,460.61"
"TX-137,Cliente 46,""(61) 96549-2886, (61) 3479-2233"",1046,605254-4,Rua 15 Conj F - Águas Claras / DF,Caixa,(61) 96549-2886,14/06/2026 14:44:00,2279.38"
"TX-138,Cliente 46,(61) 96549-2886,1046,605254-4,""Águas Claras, Rua 15, Bloco F"",Nubank,(61) 96549-2886,14/06/2026 19:28:47,4113.86"
"TX-139,Cliente 47,(61) 94830-8724,1047,489518-1,""QS 15, Conjunto F, Riacho Fundo, DF"",Santander,b379cb1ee8cda0cc,14/06/2026 09:04:40,3249.70"
"TX-140,Cliente 47,""(61) 94830-8724, (61) 3025-6374"",1047,489518-1,QS 15 Conj F - Riacho Fundo / DF,Santander,18359129661,14/06/2026 09:59:08,4979.68"
"TX-141,Cliente 47,(61) 94830-8724,1047,489518-1,""Riacho Fundo, QS 15, Bloco F"",Bradesco,cliente47@exemplo.com,14/06/2026 09:58:06,1949.34"
"TX-142,Cliente 48,(61) 97866-3531,1048,489033-8,""QNA 32, Conjunto E, Taguatinga, DF"",Itaú,60209373135,14/06/2026 14:57:17,2222.48"
"TX-143,Cliente 48,""(61) 97866-3531, (61) 3906-7797"",1048,489033-8,QNA 32 Conj E - Taguatinga / DF,Caixa,(61) 97866-3531,14/06/2026 12:01:54,4904.83"
"TX-144,Cliente 48,(61) 97866-3531,1048,489033-8,""Taguatinga, QNA 32, Bloco E"",Banco do Brasil,(61) 97866-3531,14/06/2026 14:16:34,1996.72"
"TX-145,Cliente 49,(61) 98450-2501,1049,299028-1,""QS 2, Conjunto A, Riacho Fundo, DF"",Bradesco,cliente49@exemplo.com,14/06/2026 21:25:21,3937.02"
"TX-146,Cliente 49,""(61) 98450-2501, (61) 3678-4475"",1049,299028-1,QS 2 Conj A - Riacho Fundo / DF,Itaú,cliente49@exemplo.com,14/06/2026 11:30:04,4067.13"
"TX-147,Cliente 49,(61) 98450-2501,1049,299028-1,""Riacho Fundo, QS 2, Bloco A"",Banco do Brasil,cliente49@exemplo.com,14/06/2026 11:58:21,1393.60"
"TX-148,Cliente 50,(61) 99850-5106,1050,251716-2,""QNA 2, Conjunto B, Taguatinga, DF"",Sicoob,cliente50@exemplo.com,14/06/2026 08:15:22,88.75"
"TX-149,Cliente 50,""(61) 99850-5106, (61) 3817-3858"",1050,251716-2,QNA 2 Conj B - Taguatinga / DF,Nubank,cliente50@exemplo.com,14/06/2026 12:31:03,2635.17"
"TX-150,Cliente 50,(61) 99850-5106,1050,251716-2,""Taguatinga, QNA 2, Bloco B"",Sicoob,c72c1fe372c22a16,14/06/2026 20:43:04,2571.06"
"TX-151,Cliente 51,(61) 99254-4629,1051,214351-7,""Quadra 20, Conjunto D, Recanto das Emas, DF"",Nubank,78713406910,14/06/2026 18:58:01,2137.11"
"TX-152,Cliente 51,""(61) 99254-4629, (61) 3968-1710"",1051,214351-7,Quadra 20 Conj D - Recanto das Emas / DF,Caixa,e63658c912d0498d,14/06/2026 09:50:31,1617.34"
"TX-153,Cliente 51,(61) 99254-4629,1051,214351-7,""Recanto das Emas, Quadra 20, Bloco D"",Santander,cliente51@exemplo.com,14/06/2026 10:31:04,3125.34"
"TX-154,Cliente 52,(61) 96327-7240,1052,713799-8,""QN 30, Conjunto E, Samambaia, DF"",Itaú,98711316662,14/06/2026 18:19:27,2156.05"
"TX-155,Cliente 52,""(61) 96327-7240, (61) 3611-9692"",1052,713799-8,QN 30 Conj E - Samambaia / DF,Inter,(61) 96327-7240,14/06/2026 11:53:26,1999.66"
"TX-156,Cliente 52,(61) 96327-7240,1052,713799-8,""Samambaia, QN 30, Bloco E"",Nubank,(61) 96327-7240,14/06/2026 20:27:06,1569.49"
"TX-157,Cliente 53,(61) 93500-8770,1053,367271-5,""QNA 6, Conjunto D, Taguatinga, DF"",Bradesco,(61) 93500-8770,14/06/2026 09:38:47,2786.29"
"TX-158,Cliente 53,""(61) 93500-8770, (61) 3068-2494"",1053,367271-5,QNA 6 Conj D - Taguatinga / DF,Caixa,(61) 93500-8770,14/06/2026 18:00:35,2059.94"
"TX-159,Cliente 53,(61) 93500-8770,1053,367271-5,""Taguatinga, QNA 6, Bloco D"",Banco do Brasil,ea74bb18de3b496f,14/06/2026 22:54:42,4842.31"
"TX-160,Cliente 54,(61) 96761-2697,1054,729575-4,""QNM 10, Conjunto F, Ceilândia, DF"",Caixa,59633782273,14/06/2026 16:13:14,3815.40"
"TX-161,Cliente 54,""(61) 96761-2697, (61) 3591-9313"",1054,729575-4,QNM 10 Conj F - Ceilândia / DF,Banco do Brasil,8f9b72aed85c16bd,14/06/2026 17:47:14,3048.88"
"TX-162,Cliente 54,(61) 96761-2697,1054,729575-4,""Ceilândia, QNM 10, Bloco F"",Banco do Brasil,(61) 96761-2697,14/06/2026 19:13:53,910.28"
"TX-163,Cliente 55,(61) 96567-6751,1055,836833-4,""Rua 37, Conjunto F, Águas Claras, DF"",Banco do Brasil,cliente55@exemplo.com,14/06/2026 14:50:04,467.87"
"TX-164,Cliente 55,""(61) 96567-6751, (61) 3006-3972"",1055,836833-4,Rua 37 Conj F - Águas Claras / DF,Sicoob,742221676b7a2460,14/06/2026 17:03:13,795.47"
"TX-165,Cliente 55,(61) 96567-6751,1055,836833-4,""Águas Claras, Rua 37, Bloco F"",Caixa,(61) 96567-6751,14/06/2026 13:19:46,4417.88"
"TX-166,Cliente 56,(61) 91815-2336,1056,263137-2,""Setor 32, Conjunto E, Gama, DF"",Itaú,(61) 91815-2336,14/06/2026 15:32:26,3777.17"
"TX-167,Cliente 56,""(61) 91815-2336, (61) 3278-8259"",1056,263137-2,Setor 32 Conj E - Gama / DF,Inter,4882d73c1c6345ab,14/06/2026 09:56:22,2639.40"
"TX-168,Cliente 56,(61) 91815-2336,1056,263137-2,""Gama, Setor 32, Bloco E"",Nubank,cliente56@exemplo.com,14/06/2026 13:15:02,4922.38"
"TX-169,Cliente 57,(61) 94349-5938,1057,157443-0,""Rua 17, Conjunto C, Águas Claras, DF"",Bradesco,33324485690,14/06/2026 13:35:07,1907.24"
"TX-170,Cliente 57,""(61) 94349-5938, (61) 3968-4460"",1057,157443-0,Rua 17 Conj C - Águas Claras / DF,Caixa,(61) 94349-5938,14/06/2026 20:00:14,1991.39"
"TX-171,Cliente 57,(61) 94349-5938,1057,157443-0,""Águas Claras, Rua 17, Bloco C"",Caixa,75b2745504cc3ede,14/06/2026 20:39:02,4311.93"
"TX-172,Cliente 58,(61) 97626-7843,1058,703727-6,""Setor 2, Conjunto C, Gama, DF"",Sicoob,b08a4895d4ffa666,14/06/2026 10:55:51,449.77"
"TX-173,Cliente 58,""(61) 97626-7843, (61) 3296-2887"",1058,703727-6,Setor 2 Conj C - Gama / DF,Nubank,cliente58@exemplo.com,14/06/2026 22:24:06,2948.47"
"TX-174,Cliente 58,(61) 97626-7843,1058,703727-6,""Gama, Setor 2, Bloco C"",Sicoob,4f6e274bdedab027,14/06/2026 16:56:05,1115.64"
"TX-175,Cliente 59,(61) 92251-9363,1059,916964-2,""Quadra 33, Conjunto B, Recanto das Emas, DF"",Bradesco,(61) 92251-9363,14/06/2026 21:14:22,1188.98"
"TX-176,Cliente 59,""(61) 92251-9363, (61) 3648-2868"",1059,916964-2,Quadra 33 Conj B - Recanto das Emas / DF,Bradesco,cliente59@exemplo.com,14/06/2026 10:29:16,3015.97"
"TX-177,Cliente 59,(61) 92251-9363,1059,916964-2,""Recanto das Emas, Quadra 33, Bloco B"",Inter,99218703185,14/06/2026 20:58:48,2325.13"
"TX-178,Cliente 60,(61) 98354-6295,1060,691119-9,""Rua 29, Conjunto A, Águas Claras, DF"",Santander,(61) 98354-6295,14/06/2026 16:00:28,2961.18"
"TX-179,Cliente 60,""(61) 98354-6295, (61) 3884-6179"",1060,691119-9,Rua 29 Conj A - Águas Claras / DF,Inter,71462733704,14/06/2026 14:00:32,197.66"
"TX-180,Cliente 60,(61) 98354-6295,1060,691119-9,""Águas Claras, Rua 29, Bloco A"",Caixa,(61) 98354-6295,14/06/2026 14:17:53,3226.89"
"TX-181,Cliente 61,(61) 99307-7299,1061,996840-1,""Vila 37, Conjunto F, Planaltina, DF"",Banco do Brasil,269ed4c980599b93,14/06/2026 11:12:20,2258.11"
"TX-182,Cliente 61,""(61) 99307-7299, (61) 3473-1672"",1061,996840-1,Vila 37 Conj F - Planaltina / DF,Caixa,(61) 99307-7299,14/06/2026 21:50:57,2527.70"
"TX-183,Cliente 61,(61) 99307-7299,1061,996840-1,""Planaltina, Vila 37, Bloco F"",Inter,cliente61@exemplo.com,14/06/2026 10:56:02,4955.02"
"TX-184,Cliente 62,(61) 93600-6962,1062,649525-8,""Setor 27, Conjunto C, Gama, DF"",Sicoob,99289049772,14/06/2026 19:35:38,338.90"
"TX-185,Cliente 62,""(61) 93600-6962, (61) 3381-5634"",1062,649525-8,Setor 27 Conj C - Gama / DF,Bradesco,4082cbb948bddb3e,14/06/2026 09:36:35,1673.48"
"TX-186,Cliente 62,(61) 93600-6962,1062,649525-8,""Gama, Setor 27, Bloco C"",Sicoob,cliente62@exemplo.com,14/06/2026 17:56:42,1558.06"
"TX-187,Cliente 63,(61) 93112-2388,1063,787923-6,""Quadra 9, Conjunto F, Sobradinho, DF"",Sicoob,80537993237,14/06/2026 19:59:53,100.97"
"TX-188,Cliente 63,""(61) 93112-2388, (61) 3317-7171"",1063,787923-6,Quadra 9 Conj F - Sobradinho / DF,Sicoob,cliente63@exemplo.com,14/06/2026 13:16:11,4738.86"
"TX-189,Cliente 63,(61) 93112-2388,1063,787923-6,""Sobradinho, Quadra 9, Bloco F"",Bradesco,cliente63@exemplo.com,14/06/2026 16:17:12,783.18"
"TX-190,Cliente 64,(61) 99317-9843,1064,410160-1,""QE 22, Conjunto E, Guará, DF"",Bradesco,29890880277d1be9,14/06/2026 10:14:38,4158.41"
"TX-191,Cliente 64,""(61) 99317-9843, (61) 3855-9626"",1064,410160-1,QE 22 Conj E - Guará / DF,Inter,cliente64@exemplo.com,14/06/2026 21:09:39,228.03"
"TX-192,Cliente 64,(61) 99317-9843,1064,410160-1,""Guará, QE 22, Bloco E"",Inter,cliente64@exemplo.com,14/06/2026 14:13:43,3056.87"
"TX-193,Cliente 65,(61) 94833-9749,1065,888939-7,""Vila 13, Conjunto C, Planaltina, DF"",Santander,c4f9eccd7630a8a7,14/06/2026 19:34:36,3892.84"
"TX-194,Cliente 65,""(61) 94833-9749, (61) 3244-6070"",1065,888939-7,Vila 13 Conj C - Planaltina / DF,Itaú,297ca4fff75d599f,14/06/2026 16:34:33,4008.28"
"TX-195,Cliente 65,(61) 94833-9749,1065,888939-7,""Planaltina, Vila 13, Bloco C"",Banco do Brasil,(61) 94833-9749,14/06/2026 10:21:55,3209.48"
"TX-196,Cliente 66,(61) 92680-9452,1066,489244-8,""QN 6, Conjunto B, Samambaia, DF"",Nubank,cliente66@exemplo.com,14/06/2026 12:39:28,467.65"
"TX-197,Cliente 66,""(61) 92680-9452, (61) 3871-3042"",1066,489244-8,QN 6 Conj B - Samambaia / DF,Banco do Brasil,597e6845e27718c5,14/06/2026 11:47:52,2080.34"
"TX-198,Cliente 66,(61) 92680-9452,1066,489244-8,""Samambaia, QN 6, Bloco B"",Itaú,(61) 92680-9452,14/06/2026 14:45:32,1936.97"
"TX-199,Cliente 67,(61) 94678-1461,1067,185569-5,""Quadra 10, Conjunto B, Sobradinho, DF"",Bradesco,d4c3a832b231c60b,14/06/2026 08:39:18,3796.62"
"TX-200,Cliente 67,""(61) 94678-1461, (61) 3326-2623"",1067,185569-5,Quadra 10 Conj B - Sobradinho / DF,Banco do Brasil,22480562887,14/06/2026 16:00:28,1287.06"
"TX-201,Cliente 67,(61) 94678-1461,1067,185569-5,""Sobradinho, Quadra 10, Bloco B"",Santander,c6b33fe61c76bdf6,14/06/2026 22:15:09,1195.82"
"TX-202,Cliente 68,(61) 94906-7878,1068,227767-0,""QNA 8, Conjunto D, Taguatinga, DF"",Itaú,81433702538,14/06/2026 18:11:34,3595.54"
"TX-203,Cliente 68,""(61) 94906-7878, (61) 3654-8489"",1068,227767-0,QNA 8 Conj D - Taguatinga / DF,Itaú,59885227314,14/06/2026 12:58:27,2857.61"
"TX-204,Cliente 68,(61) 94906-7878,1068,227767-0,""Taguatinga, QNA 8, Bloco D"",Banco do Brasil,20138715936,14/06/2026 11:11:42,1958.36"
"TX-205,Cliente 69,(61) 97338-7116,1069,592972-0,""Quadra 5, Conjunto C, Sobradinho, DF"",Sicoob,90622984493,14/06/2026 12:06:46,675.71"
"TX-206,Cliente 69,""(61) 97338-7116, (61) 3259-1266"",1069,592972-0,Quadra 5 Conj C - Sobradinho / DF,Bradesco,(61) 97338-7116,14/06/2026 14:00:34,4153.61"
"TX-207,Cliente 69,(61) 97338-7116,1069,592972-0,""Sobradinho, Quadra 5, Bloco C"",Bradesco,2ea9c542a1b970d0,14/06/2026 19:41:29,324.87"
"TX-208,Cliente 70,(61) 91605-5807,1070,913894-7,""QNM 3, Conjunto C, Ceilândia, DF"",Inter,d0be73eefd372539,14/06/2026 13:17:32,1274.04"
"TX-209,Cliente 70,""(61) 91605-5807, (61) 3206-1717"",1070,913894-7,QNM 3 Conj C - Ceilândia / DF,Santander,cliente70@exemplo.com,14/06/2026 20:51:41,1791.30"
"TX-210,Cliente 70,(61) 91605-5807,1070,913894-7,""Ceilândia, QNM 3, Bloco C"",Santander,(61) 91605-5807,14/06/2026 21:19:03,631.13"
"TX-211,Cliente 71,(61) 97553-8204,1071,485896-6,""Quadra 12, Conjunto D, Sobradinho, DF"",Santander,(61) 97553-8204,14/06/2026 19:48:31,4007.73"
"TX-212,Cliente 71,""(61) 97553-8204, (61) 3916-7334"",1071,485896-6,Quadra 12 Conj D - Sobradinho / DF,Bradesco,93453822258,14/06/2026 20:24:27,2731.92"
"TX-213,Cliente 71,(61) 97553-8204,1071,485896-6,""Sobradinho, Quadra 12, Bloco D"",Inter,49924469598,14/06/2026 13:28:06,3017.08"
"TX-214,Cliente 72,(61) 98272-6759,1072,546815-2,""Quadra 40, Conjunto D, Sobradinho, DF"",Sicoob,64277703050,14/06/2026 12:41:40,2570.30"
"TX-215,Cliente 72,""(61) 98272-6759, (61) 3457-1693"",1072,546815-2,Quadra 40 Conj D - Sobradinho / DF,Banco do Brasil,cliente72@exemplo.com,14/06/2026 20:47:43,722.47"
"TX-216,Cliente 72,(61) 98272-6759,1072,546815-2,""Sobradinho, Quadra 40, Bloco D"",Caixa,20509c6208e895d7,14/06/2026 18:22:43,1187.62"
"TX-217,Cliente 73,(61) 96933-7272,1073,776502-5,""QS 10, Conjunto F, Riacho Fundo, DF"",Inter,(61) 96933-7272,14/06/2026 15:40:23,3817.79"
"TX-218,Cliente 73,""(61) 96933-7272, (61) 3972-1530"",1073,776502-5,QS 10 Conj F - Riacho Fundo / DF,Nubank,(61) 96933-7272,14/06/2026 17:47:08,1578.78"
"TX-219,Cliente 73,(61) 96933-7272,1073,776502-5,""Riacho Fundo, QS 10, Bloco F"",Nubank,75223579714,14/06/2026 12:45:15,4568.58"
"TX-220,Cliente 74,(61) 95264-8311,1074,223481-4,""Vila 13, Conjunto A, Planaltina, DF"",Inter,33416345048,14/06/2026 10:18:54,4986.34"
"TX-221,Cliente 74,""(61) 95264-8311, (61) 3219-5678"",1074,223481-4,Vila 13 Conj A - Planaltina / DF,Sicoob,(61) 95264-8311,14/06/2026 21:49:43,3550.61"
"TX-222,Cliente 74,(61) 95264-8311,1074,223481-4,""Planaltina, Vila 13, Bloco A"",Santander,(61) 95264-8311,14/06/2026 17:23:34,4258.30"
"TX-223,Cliente 75,(61) 96922-9335,1075,846385-2,""QNM 9, Conjunto B, Ceilândia, DF"",Sicoob,84564482803,14/06/2026 21:29:31,2342.36"
"TX-224,Cliente 75,""(61) 96922-9335, (61) 3229-2988"",1075,846385-2,QNM 9 Conj B - Ceilândia / DF,Nubank,48937091641,14/06/2026 17:24:08,4997.98"
"TX-225,Cliente 75,(61) 96922-9335,1075,846385-2,""Ceilândia, QNM 9, Bloco B"",Caixa,68d0a2a8c4e7f7dd,14/06/2026 20:16:30,635.38"
"TX-226,Cliente 76,(61) 98372-8632,1076,432427-1,""Quadra 9, Conjunto E, Sobradinho, DF"",Bradesco,cliente76@exemplo.com,14/06/2026 18:55:37,2168.77"
"TX-227,Cliente 76,""(61) 98372-8632, (61) 3696-9476"",1076,432427-1,Quadra 9 Conj E - Sobradinho / DF,Santander,29405100908,14/06/2026 22:49:03,831.64"
"TX-228,Cliente 76,(61) 98372-8632,1076,432427-1,""Sobradinho, Quadra 9, Bloco E"",Sicoob,cliente76@exemplo.com,14/06/2026 13:30:59,4737.94"
"TX-229,Cliente 77,(61) 92292-5105,1077,644103-4,""Rua 20, Conjunto E, Águas Claras, DF"",Bradesco,cliente77@exemplo.com,14/06/2026 17:06:05,864.29"
"TX-230,Cliente 77,""(61) 92292-5105, (61) 3201-5496"",1077,644103-4,Rua 20 Conj E - Águas Claras / DF,Banco do Brasil,(61) 92292-5105,14/06/2026 18:39:46,4127.93"
"TX-231,Cliente 77,(61) 92292-5105,1077,644103-4,""Águas Claras, Rua 20, Bloco E"",Santander,99973323617,14/06/2026 08:29:05,3259.14"
"TX-232,Cliente 78,(61) 97825-1496,1078,904214-9,""QN 20, Conjunto D, Samambaia, DF"",Caixa,741b77f54c24a053,14/06/2026 12:10:51,3446.18"
"TX-233,Cliente 78,""(61) 97825-1496, (61) 3509-9938"",1078,904214-9,QN 20 Conj D - Samambaia / DF,Itaú,76e5ae787bf7e1d3,14/06/2026 10:41:28,1707.56"
"TX-234,Cliente 78,(61) 97825-1496,1078,904214-9,""Samambaia, QN 20, Bloco D"",Sicoob,(61) 97825-1496,14/06/2026 10:27:20,4877.12"
"TX-235,Cliente 79,(61) 99437-2739,1079,237118-5,""Vila 8, Conjunto C, Planaltina, DF"",Caixa,cliente79@exemplo.com,14/06/2026 15:40:15,262.52"
"TX-236,Cliente 79,""(61) 99437-2739, (61) 3326-4960"",1079,237118-5,Vila 8 Conj C - Planaltina / DF,Bradesco,f67294643f8ea40a,14/06/2026 14:33:55,4069.25"
"TX-237,Cliente 79,(61) 99437-2739,1079,237118-5,""Planaltina, Vila 8, Bloco C"",Itaú,(61) 99437-2739,14/06/2026 17:51:46,3817.98"
"TX-238,Cliente 80,(61) 98648-9171,1080,622469-8,""Vila 2, Conjunto A, Planaltina, DF"",Itaú,3da06476f778c676,14/06/2026 14:42:32,2920.89"
"TX-239,Cliente 80,""(61) 98648-9171, (61) 3900-6055"",1080,622469-8,Vila 2 Conj A - Planaltina / DF,Inter,(61) 98648-9171,14/06/2026 08:49:03,2991.62"
"TX-240,Cliente 80,(61) 98648-9171,1080,622469-8,""Planaltina, Vila 2, Bloco A"",Banco do Brasil,896490ab4926ce5f,14/06/2026 22:23:41,4237.39"
"TX-241,Cliente 81,(61) 95333-6992,1081,551860-2,""Quadra 3, Conjunto D, Sobradinho, DF"",Sicoob,cliente81@exemplo.com,14/06/2026 08:52:36,2770.58"
"TX-242,Cliente 81,""(61) 95333-6992, (61) 3782-7606"",1081,551860-2,Quadra 3 Conj D - Sobradinho / DF,Santander,8cc36f3bc3affcfe,14/06/2026 09:15:24,4128.30"
"TX-243,Cliente 81,(61) 95333-6992,1081,551860-2,""Sobradinho, Quadra 3, Bloco D"",Sicoob,61954851371,14/06/2026 18:38:43,3976.54"
"TX-244,Cliente 82,(61) 96990-3363,1082,455556-8,""Setor 33, Conjunto A, Gama, DF"",Sicoob,cliente82@exemplo.com,14/06/2026 08:46:02,4021.79"
"TX-245,Cliente 82,""(61) 96990-3363, (61) 3203-9341"",1082,455556-8,Setor 33 Conj A - Gama / DF,Bradesco,cliente82@exemplo.com,14/06/2026 16:51:29,1646.55"
"TX-246,Cliente 82,(61) 96990-3363,1082,455556-8,""Gama, Setor 33, Bloco A"",Nubank,cliente82@exemplo.com,14/06/2026 18:27:20,4953.17"
"TX-247,Cliente 83,(61) 96511-9311,1083,875232-4,""Quadra 32, Conjunto F, Recanto das Emas, DF"",Sicoob,044251dbd0d4ea67,14/06/2026 17:36:19,1662.89"
"TX-248,Cliente 83,""(61) 96511-9311, (61) 3848-9351"",1083,875232-4,Quadra 32 Conj F - Recanto das Emas / DF,Banco do Brasil,(61) 96511-9311,14/06/2026 09:52:26,2988.58"
"TX-249,Cliente 83,(61) 96511-9311,1083,875232-4,""Recanto das Emas, Quadra 32, Bloco F"",Banco do Brasil,cliente83@exemplo.com,14/06/2026 12:31:41,2921.78"
"TX-250,Cliente 84,(61) 97229-3421,1084,278794-8,""QE 37, Conjunto F, Guará, DF"",Nubank,54843919190,14/06/2026 09:52:12,765.64"
"TX-251,Cliente 84,""(61) 97229-3421, (61) 3841-4968"",1084,278794-8,QE 37 Conj F - Guará / DF,Inter,c66495a780773e33,14/06/2026 19:47:13,4365.36"
"TX-252,Cliente 84,(61) 97229-3421,1084,278794-8,""Guará, QE 37, Bloco F"",Itaú,30211150729,14/06/2026 20:33:46,2808.82"
"TX-253,Cliente 85,(61) 99609-7173,1085,794395-7,""Vila 35, Conjunto C, Planaltina, DF"",Inter,(61) 99609-7173,14/06/2026 17:19:22,969.40"
"TX-254,Cliente 85,""(61) 99609-7173, (61) 3321-3837"",1085,794395-7,Vila 35 Conj C - Planaltina / DF,Itaú,(61) 99609-7173,14/06/2026 12:12:17,4708.01"
"TX-255,Cliente 85,(61) 99609-7173,1085,794395-7,""Planaltina, Vila 35, Bloco C"",Itaú,(61) 99609-7173,14/06/2026 13:04:49,3454.30"
"TX-256,Cliente 86,(61) 98861-6714,1086,612756-5,""QN 8, Conjunto E, Samambaia, DF"",Nubank,faebcd19e5508ea2,14/06/2026 19:32:34,4093.70"
"TX-257,Cliente 86,""(61) 98861-6714, (61) 3573-5480"",1086,612756-5,QN 8 Conj E - Samambaia / DF,Santander,cliente86@exemplo.com,14/06/2026 21:11:51,219.91"
"TX-258,Cliente 86,(61) 98861-6714,1086,612756-5,""Samambaia, QN 8, Bloco E"",Inter,(61) 98861-6714,14/06/2026 20:11:05,3283.30"
"TX-259,Cliente 87,(61) 94505-4310,1087,883641-7,""QN 36, Conjunto F, Samambaia, DF"",Itaú,42585188887,14/06/2026 12:38:08,263.32"
"TX-260,Cliente 87,""(61) 94505-4310, (61) 3847-9824"",1087,883641-7,QN 36 Conj F - Samambaia / DF,Banco do Brasil,cliente87@exemplo.com,14/06/2026 17:03:14,509.99"
"TX-261,Cliente 87,(61) 94505-4310,1087,883641-7,""Samambaia, QN 36, Bloco F"",Bradesco,ae62990c19bd4f93,14/06/2026 13:38:45,35.86"
"TX-262,Cliente 88,(61) 97666-8793,1088,677086-2,""QN 21, Conjunto C, Samambaia, DF"",Itaú,90111013041,14/06/2026 19:01:03,2680.41"
"TX-263,Cliente 88,""(61) 97666-8793, (61) 3488-4267"",1088,677086-2,QN 21 Conj C - Samambaia / DF,Bradesco,66586472351,14/06/2026 20:20:54,4670.27"
"TX-264,Cliente 88,(61) 97666-8793,1088,677086-2,""Samambaia, QN 21, Bloco C"",Bradesco,7ed17aabc9b7c9bc,14/06/2026 08:37:53,4683.68"
"TX-265,Cliente 89,(61) 91151-5888,1089,403528-0,""Quadra 19, Conjunto D, Sobradinho, DF"",Bradesco,f0458043e3a68a70,14/06/2026 18:56:34,4256.79"
"TX-266,Cliente 89,""(61) 91151-5888, (61) 3581-2758"",1089,403528-0,Quadra 19 Conj D - Sobradinho / DF,Caixa,cliente89@exemplo.com,14/06/2026 15:59:17,1660.11"
"TX-267,Cliente 89,(61) 91151-5888,1089,403528-0,""Sobradinho, Quadra 19, Bloco D"",Bradesco,(61) 91151-5888,14/06/2026 20:28:29,80.28"
"TX-268,Cliente 90,(61) 94164-3875,1090,453487-4,""Setor 33, Conjunto C, Gama, DF"",Sicoob,75028432851,14/06/2026 09:28:25,4679.77"
"TX-269,Cliente 90,""(61) 94164-3875, (61) 3625-7643"",1090,453487-4,Setor 33 Conj C - Gama / DF,Santander,725d42593c4b1eec,14/06/2026 08:06:16,4770.63"
"TX-270,Cliente 90,(61) 94164-3875,1090,453487-4,""Gama, Setor 33, Bloco C"",Sicoob,97022708153,14/06/2026 13:09:37,3466.92"
"TX-271,Cliente 91,(61) 98625-6026,1091,165142-1,""Quadra 20, Conjunto F, Recanto das Emas, DF"",Sicoob,(61) 98625-6026,14/06/2026 10:00:40,3076.98"
"TX-272,Cliente 91,""(61) 98625-6026, (61) 3163-7642"",1091,165142-1,Quadra 20 Conj F - Recanto das Emas / DF,Sicoob,74797b6127372b52,14/06/2026 11:44:08,2085.07"
"TX-273,Cliente 91,(61) 98625-6026,1091,165142-1,""Recanto das Emas, Quadra 20, Bloco F"",Itaú,899ac252c1e1b94a,14/06/2026 17:22:58,3811.68"
"TX-274,Cliente 92,(61) 92341-9609,1092,813390-9,""Quadra 5, Conjunto E, Sobradinho, DF"",Bradesco,cliente92@exemplo.com,14/06/2026 09:54:03,831.04"
"TX-275,Cliente 92,""(61) 92341-9609, (61) 3457-9653"",1092,813390-9,Quadra 5 Conj E - Sobradinho / DF,Itaú,ae27d4321dc1e7eb,14/06/2026 22:34:33,3587.42"
"TX-276,Cliente 92,(61) 92341-9609,1092,813390-9,""Sobradinho, Quadra 5, Bloco E"",Inter,0e3e25f2cf0671c7,14/06/2026 16:20:05,668.40"
"TX-277,Cliente 93,(61) 91945-8575,1093,535604-7,""QE 26, Conjunto C, Guará, DF"",Caixa,cliente93@exemplo.com,14/06/2026 21:56:00,236.00"
"TX-278,Cliente 93,""(61) 91945-8575, (61) 3688-6049"",1093,535604-7,QE 26 Conj C - Guará / DF,Inter,22430573568,14/06/2026 13:52:44,168.36"
"TX-279,Cliente 93,(61) 91945-8575,1093,535604-7,""Guará, QE 26, Bloco C"",Nubank,cliente93@exemplo.com,14/06/2026 14:58:11,1878.56"
"TX-280,Cliente 94,(61) 97184-7154,1094,501058-7,""Rua 23, Conjunto A, Águas Claras, DF"",Itaú,2099d18087623997,14/06/2026 11:02:34,4175.76"
"TX-281,Cliente 94,""(61) 97184-7154, (61) 3082-9835"",1094,501058-7,Rua 23 Conj A - Águas Claras / DF,Inter,(61) 97184-7154,14/06/2026 20:54:01,3370.76"
"TX-282,Cliente 94,(61) 97184-7154,1094,501058-7,""Águas Claras, Rua 23, Bloco A"",Itaú,3acb43a3d2c7bffb,14/06/2026 17:17:27,2308.52"
"TX-283,Cliente 95,(61) 94088-2848,1095,262656-4,""QS 2, Conjunto B, Riacho Fundo, DF"",Inter,16845938012,14/06/2026 11:31:04,2992.95"
"TX-284,Cliente 95,""(61) 94088-2848, (61) 3032-7868"",1095,262656-4,QS 2 Conj B - Riacho Fundo / DF,Inter,61729602866,14/06/2026 20:00:55,1179.35"
"TX-285,Cliente 95,(61) 94088-2848,1095,262656-4,""Riacho Fundo, QS 2, Bloco B"",Santander,79321354455,14/06/2026 11:42:48,1178.47"
"TX-286,Cliente 96,(61) 96224-6253,1096,867051-9,""Rua 34, Conjunto B, Águas Claras, DF"",Banco do Brasil,(61) 96224-6253,14/06/2026 15:03:19,2788.02"
"TX-287,Cliente 96,""(61) 96224-6253, (61) 3242-5944"",1096,867051-9,Rua 34 Conj B - Águas Claras / DF,Nubank,cliente96@exemplo.com,14/06/2026 18:05:56,2783.69"
"TX-288,Cliente 96,(61) 96224-6253,1096,867051-9,""Águas Claras, Rua 34, Bloco B"",Sicoob,86433603c92a7d7c,14/06/2026 08:48:22,3484.58"
"TX-289,Cliente 97,(61) 95913-7167,1097,528090-2,""Vila 16, Conjunto B, Planaltina, DF"",Inter,cliente97@exemplo.com,14/06/2026 13:07:54,4574.56"
"TX-290,Cliente 97,""(61) 95913-7167, (61) 3188-9813"",1097,528090-2,Vila 16 Conj B - Planaltina / DF,Bradesco,87ad8b268eaa5841,14/06/2026 17:35:26,1948.21"
"TX-291,Cliente 97,(61) 95913-7167,1097,528090-2,""Planaltina, Vila 16, Bloco B"",Caixa,(61) 95913-7167,14/06/2026 12:21:13,4611.91"
"TX-292,Cliente 98,(61) 92514-9775,1098,988283-5,""QE 18, Conjunto D, Guará, DF"",Itaú,22342105890,14/06/2026 19:29:38,4025.21"
"TX-293,Cliente 98,""(61) 92514-9775, (61) 3741-4120"",1098,988283-5,QE 18 Conj D - Guará / DF,Inter,cliente98@exemplo.com,14/06/2026 18:01:46,1052.36"
"TX-294,Cliente 98,(61) 92514-9775,1098,988283-5,""Guará, QE 18, Bloco D"",Inter,26069513648,14/06/2026 13:40:19,4573.06"
"TX-295,Cliente 99,(61) 94350-7498,1099,829417-9,""Quadra 21, Conjunto C, Recanto das Emas, DF"",Santander,(61) 94350-7498,14/06/2026 14:29:29,1315.19"
"TX-296,Cliente 99,""(61) 94350-7498, (61) 3937-4921"",1099,829417-9,Quadra 21 Conj C - Recanto das Emas / DF,Inter,193e638d774c0afa,14/06/2026 16:45:56,3810.53"
"TX-297,Cliente 99,(61) 94350-7498,1099,829417-9,""Recanto das Emas, Quadra 21, Bloco C"",Sicoob,cliente99@exemplo.com,14/06/2026 13:27:58,1571.48"
"TX-298,Cliente 100,(61) 94625-3390,1100,147936-9,""Quadra 38, Conjunto E, Recanto das Emas, DF"",Bradesco,(61) 94625-3390,14/06/2026 20:17:26,989.00"
"TX-299,Cliente 100,""(61) 94625-3390, (61) 3016-5272"",1100,147936-9,Quadra 38 Conj E - Recanto das Emas / DF,Inter,cliente100@exemplo.com,14/06/2026 11:55:24,2757.71"
"TX-300,Cliente 100,(61) 94625-3390,1100,147936-9,""Recanto das Emas, Quadra 38, Bloco E"",Inter,(61) 94625-3390,14/06/2026 19:41:21,4832.88"
