ID_Log,Remetente,Telefones,Agencia,Conta,Endereco_Completo,Banco_Destino,Chave_Pix,Data_Hora,Valor
TX-001,Juliana Rodrigues,(61) 92428-7672,1201,154907-4,"QE 25, Conjunto E, Guará, DF",Itaú,(61) 92428-7672,14/06/2026 16:35:21,1201.67
TX-002,Juliana Rodrigues,"(61) 92428-7672, (61) 3272-2764",1201,154907-4,QE 25 Conj E - Guará / DF,Inter,(61) 92428-7672,14/06/2026 12:45:35,1232.51
TX-003,Juliana Rodrigues,(61) 92428-7672,1201,154907-4,"Guará, QE 25, Bloco E",Santander,95378067185,14/06/2026 22:27:27,528.73
TX-004,Carolina Lopes,(61) 92671-1719,1202,430782-7,"QN 2, Conjunto C, Samambaia, DF",Itaú,7823908d43ec1f85,14/06/2026 22:33:27,5767.12
TX-005,Carolina Lopes,"(61) 92671-1719, (61) 3094-3329",1202,430782-7,QN 2 Conj C - Samambaia / DF,Bradesco,d23ee3c934f4f040,14/06/2026 12:51:33,99.05
TX-006,Carolina Lopes,(61) 92671-1719,1202,430782-7,"Samambaia, QN 2, Bloco C",Sicoob,89dc68ceaf517df1,14/06/2026 22:14:49,3906.96
TX-007,Pedro Carvalho,(61) 99356-1521,1203,539873-5,"QNA 32, Conjunto F, Taguatinga, DF",Bradesco,(61) 99356-1521,14/06/2026 11:28:10,4158.76
TX-008,Pedro Carvalho,"(61) 99356-1521, (61) 3867-3973",1203,539873-5,QNA 32 Conj F - Taguatinga / DF,Bradesco,92bb2bfd633d6624,14/06/2026 22:05:04,127.23
TX-009,Pedro Carvalho,(61) 99356-1521,1203,539873-5,"Taguatinga, QNA 32, Bloco F",Itaú,(61) 99356-1521,14/06/2026 17:00:05,6721.64
TX-010,Camila Martins,(61) 99716-9208,1204,340259-6,"SQS 32, Conjunto F, Plano Piloto, DF",Nubank,2d768558fb0d7d65,14/06/2026 19:17:14,7439.72
TX-011,Camila Martins,"(61) 99716-9208, (61) 3741-1978",1204,340259-6,SQS 32 Conj F - Plano Piloto / DF,Nubank,0299536a0b4c1837,14/06/2026 14:35:24,3425.27
TX-012,Camila Martins,(61) 99716-9208,1204,340259-6,"Plano Piloto, SQS 32, Bloco F",Caixa,(61) 99716-9208,14/06/2026 07:21:16,7160.27
TX-013,Camila Almeida,(61) 91005-2779,1205,765078-6,"Quadra 23, Conjunto F, Recanto das Emas, DF",Santander,02311144e5c13682,14/06/2026 08:30:05,555.76
TX-014,Camila Almeida,"(61) 91005-2779, (61) 3632-2025",1205,765078-6,Quadra 23 Conj F - Recanto das Emas / DF,Bradesco,fc3fc73c07758380,14/06/2026 18:50:40,1972.74
TX-015,Camila Almeida,(61) 91005-2779,1205,765078-6,"Recanto das Emas, Quadra 23, Bloco F",Santander,(61) 91005-2779,14/06/2026 15:03:02,2616.01
TX-016,Beatriz Soares,(61) 97865-2052,1206,770174-2,"Rua 16, Conjunto F, Águas Claras, DF",Santander,81975332239,14/06/2026 08:20:52,4033.84
TX-017,Beatriz Soares,"(61) 97865-2052, (61) 3734-3359",1206,770174-2,Rua 16 Conj F - Águas Claras / DF,Santander,(61) 97865-2052,14/06/2026 09:29:58,2766.82
TX-018,Beatriz Soares,(61) 97865-2052,1206,770174-2,"Águas Claras, Rua 16, Bloco F",Santander,34179023587,14/06/2026 16:07:21,3244.21
TX-019,Gustavo Pereira,(61) 98450-1337,1207,877372-2,"Setor 20, Conjunto D, Gama, DF",Bradesco,79400561549,14/06/2026 20:30:49,6536.1
TX-020,Gustavo Pereira,"(61) 98450-1337, (61) 3357-8368",1207,877372-2,Setor 20 Conj D - Gama / DF,Bradesco,cliente07@exemplo.com,14/06/2026 15:47:35,3753.42
TX-021,Gustavo Pereira,(61) 98450-1337,1207,877372-2,"Gama, Setor 20, Bloco D",Inter,(61) 98450-1337,14/06/2026 16:18:46,6701.28
TX-022,João Silva,(61) 95452-9295,1208,456600-1,"Rua 17, Conjunto D, Águas Claras, DF",Inter,39876336011,14/06/2026 07:44:32,5687.07
TX-023,João Silva,"(61) 95452-9295, (61) 3249-4330",1208,456600-1,Rua 17 Conj D - Águas Claras / DF,Inter,45193663373,14/06/2026 22:12:57,642.82
TX-024,João Silva,(61) 95452-9295,1208,456600-1,"Águas Claras, Rua 17, Bloco D",Nubank,(61) 95452-9295,14/06/2026 12:24:05,6970.66
TX-025,Beatriz Oliveira,(61) 93219-8929,1209,948318-8,"QE 17, Conjunto F, Guará, DF",Inter,65540577572c6eda,14/06/2026 21:12:53,6303.35
TX-026,Beatriz Oliveira,"(61) 93219-8929, (61) 3504-7526",1209,948318-8,QE 17 Conj F - Guará / DF,Sicoob,94999662075,14/06/2026 22:47:08,2578.74
TX-027,Beatriz Oliveira,(61) 93219-8929,1209,948318-8,"Guará, QE 17, Bloco F",Santander,59223595783,14/06/2026 16:58:07,2369.72
TX-028,Carolina Almeida,(61) 96620-4153,1210,327115-7,"Quadra 4, Conjunto D, Sobradinho, DF",Nubank,(61) 96620-4153,14/06/2026 13:24:32,6423.2
TX-029,Carolina Almeida,"(61) 96620-4153, (61) 3840-3960",1210,327115-7,Quadra 4 Conj D - Sobradinho / DF,Banco do Brasil,52613303328,14/06/2026 13:25:23,6812.05
TX-030,Carolina Almeida,(61) 96620-4153,1210,327115-7,"Sobradinho, Quadra 4, Bloco D",Itaú,(61) 96620-4153,14/06/2026 15:34:52,7081.94
TX-031,Rafael Ribeiro,(61) 97363-5890,1211,154110-9,"QS 21, Conjunto B, Riacho Fundo, DF",Sicoob,(61) 97363-5890,14/06/2026 18:02:28,4222.93
TX-032,Rafael Ribeiro,"(61) 97363-5890, (61) 3110-8627",1211,154110-9,QS 21 Conj B - Riacho Fundo / DF,Caixa,93307c14804142f3,14/06/2026 12:52:15,2532.15
TX-033,Rafael Ribeiro,(61) 97363-5890,1211,154110-9,"Riacho Fundo, QS 21, Bloco B",Sicoob,65920097185,14/06/2026 07:49:11,5504.55
TX-034,Fernanda Martins,(61) 91700-8705,1212,600508-8,"Rua 24, Conjunto B, Águas Claras, DF",Caixa,80709791722,14/06/2026 17:12:55,5294.59
TX-035,Fernanda Martins,"(61) 91700-8705, (61) 3554-3319",1212,600508-8,Rua 24 Conj B - Águas Claras / DF,Santander,(61) 91700-8705,14/06/2026 22:22:00,1710.69
TX-036,Fernanda Martins,(61) 91700-8705,1212,600508-8,"Águas Claras, Rua 24, Bloco B",Caixa,(61) 91700-8705,14/06/2026 22:09:04,1264.31
TX-037,Felipe Gomes,(61) 97962-1711,1213,536267-5,"Setor 11, Conjunto B, Gama, DF",Inter,cliente13@exemplo.com,14/06/2026 07:47:17,2274.13
TX-038,Felipe Gomes,"(61) 97962-1711, (61) 3621-1212",1213,536267-5,Setor 11 Conj B - Gama / DF,Banco do Brasil,484e72d7396101ee,14/06/2026 21:46:56,778.69
TX-039,Felipe Gomes,(61) 97962-1711,1213,536267-5,"Gama, Setor 11, Bloco B",Inter,(61) 97962-1711,14/06/2026 17:27:34,3907.7
TX-040,Beatriz Pereira,(61) 97658-8349,1214,171067-6,"QS 28, Conjunto F, Riacho Fundo, DF",Nubank,(61) 97658-8349,14/06/2026 14:26:33,3701.67
TX-041,Beatriz Pereira,"(61) 97658-8349, (61) 3113-1985",1214,171067-6,QS 28 Conj F - Riacho Fundo / DF,Inter,cliente14@exemplo.com,14/06/2026 10:19:59,7293.12
TX-042,Beatriz Pereira,(61) 97658-8349,1214,171067-6,"Riacho Fundo, QS 28, Bloco F",Banco do Brasil,cliente14@exemplo.com,14/06/2026 11:10:58,3030.36
TX-043,João Soares,(61) 97753-6274,1215,127119-0,"QE 16, Conjunto F, Guará, DF",Nubank,4a98164ab2e637d9,14/06/2026 22:08:56,2284.86
TX-044,João Soares,"(61) 97753-6274, (61) 3560-1490",1215,127119-0,QE 16 Conj F - Guará / DF,Inter,(61) 97753-6274,14/06/2026 11:49:42,3868.64
TX-045,João Soares,(61) 97753-6274,1215,127119-0,"Guará, QE 16, Bloco F",Sicoob,cliente15@exemplo.com,14/06/2026 19:46:23,1690.88
TX-046,Felipe Martins,(61) 98120-7400,1216,332835-8,"Quadra 5, Conjunto D, Sobradinho, DF",Nubank,(61) 98120-7400,14/06/2026 21:49:02,3569.96
TX-047,Felipe Martins,"(61) 98120-7400, (61) 3573-4095",1216,332835-8,Quadra 5 Conj D - Sobradinho / DF,Sicoob,23425976715,14/06/2026 19:17:58,6948.91
TX-048,Felipe Martins,(61) 98120-7400,1216,332835-8,"Sobradinho, Quadra 5, Bloco D",Bradesco,80630871536,14/06/2026 13:01:35,2169.23
TX-049,Rafael Almeida,(61) 91773-2732,1217,323738-6,"QS 21, Conjunto F, Riacho Fundo, DF",Santander,cliente17@exemplo.com,14/06/2026 08:24:49,1352.58
TX-050,Rafael Almeida,"(61) 91773-2732, (61) 3520-2554",1217,323738-6,QS 21 Conj F - Riacho Fundo / DF,Itaú,d9f28c1423fc8ea4,14/06/2026 09:09:56,1223.43
TX-051,Rafael Almeida,(61) 91773-2732,1217,323738-6,"Riacho Fundo, QS 21, Bloco F",Itaú,(61) 91773-2732,14/06/2026 20:33:05,741.09
TX-052,Carlos Gomes,(61) 98048-4290,1218,329714-7,"QE 4, Conjunto B, Guará, DF",Sicoob,57421500457,14/06/2026 08:57:29,7170.8
TX-053,Carlos Gomes,"(61) 98048-4290, (61) 3677-7630",1218,329714-7,QE 4 Conj B - Guará / DF,Inter,cliente18@exemplo.com,14/06/2026 20:59:13,5886.89
TX-054,Carlos Gomes,(61) 98048-4290,1218,329714-7,"Guará, QE 4, Bloco B",Banco do Brasil,cliente18@exemplo.com,14/06/2026 12:49:42,5066.21
TX-055,Carolina Ferreira,(61) 97565-6661,1219,405854-5,"QE 4, Conjunto E, Guará, DF",Caixa,cliente19@exemplo.com,14/06/2026 08:06:07,1762.38
TX-056,Carolina Ferreira,"(61) 97565-6661, (61) 3805-4750",1219,405854-5,QE 4 Conj E - Guará / DF,Caixa,99195392605,14/06/2026 16:30:50,6871.64
TX-057,Carolina Ferreira,(61) 97565-6661,1219,405854-5,"Guará, QE 4, Bloco E",Bradesco,(61) 97565-6661,14/06/2026 23:39:35,4697.53
TX-058,Gustavo Carvalho,(61) 91544-5740,1220,987622-6,"QE 23, Conjunto E, Guará, DF",Banco do Brasil,(61) 91544-5740,14/06/2026 19:57:00,2842.03
TX-059,Gustavo Carvalho,"(61) 91544-5740, (61) 3358-6135",1220,987622-6,QE 23 Conj E - Guará / DF,Sicoob,(61) 91544-5740,14/06/2026 10:08:39,6451.5
TX-060,Gustavo Carvalho,(61) 91544-5740,1220,987622-6,"Guará, QE 23, Bloco E",Santander,cliente20@exemplo.com,14/06/2026 19:31:38,4763.62
TX-061,Marcelo Gomes,(61) 94364-6869,1221,174038-3,"SQS 36, Conjunto E, Plano Piloto, DF",Nubank,58072174887,14/06/2026 09:47:24,760.6
TX-062,Marcelo Gomes,"(61) 94364-6869, (61) 3437-8878",1221,174038-3,SQS 36 Conj E - Plano Piloto / DF,Banco do Brasil,24046477252,14/06/2026 19:11:38,2711.52
TX-063,Marcelo Gomes,(61) 94364-6869,1221,174038-3,"Plano Piloto, SQS 36, Bloco E",Nubank,(61) 94364-6869,14/06/2026 22:36:16,1894.28
TX-064,Fernanda Soares,(61) 95259-9510,1222,197272-9,"Quadra 8, Conjunto C, Recanto das Emas, DF",Sicoob,(61) 95259-9510,14/06/2026 11:53:51,7175.81
TX-065,Fernanda Soares,"(61) 95259-9510, (61) 3811-2955",1222,197272-9,Quadra 8 Conj C - Recanto das Emas / DF,Sicoob,25544851245,14/06/2026 07:05:05,6280.66
TX-066,Fernanda Soares,(61) 95259-9510,1222,197272-9,"Recanto das Emas, Quadra 8, Bloco C",Nubank,(61) 95259-9510,14/06/2026 20:57:59,6153.0
TX-067,Pedro Lopes,(61) 91005-7805,1223,238731-6,"QE 27, Conjunto B, Guará, DF",Caixa,83764567538,14/06/2026 20:42:54,3162.66
TX-068,Pedro Lopes,"(61) 91005-7805, (61) 3214-4931",1223,238731-6,QE 27 Conj B - Guará / DF,Banco do Brasil,4e3a37fed3fc3ccf,14/06/2026 20:16:56,6553.44
TX-069,Pedro Lopes,(61) 91005-7805,1223,238731-6,"Guará, QE 27, Bloco B",Itaú,918427ff44200e61,14/06/2026 09:04:50,4787.63
TX-070,Marcos Alves,(61) 96084-6102,1224,670003-3,"Rua 2, Conjunto F, Águas Claras, DF",Inter,(61) 96084-6102,14/06/2026 09:28:19,3205.18
TX-071,Marcos Alves,"(61) 96084-6102, (61) 3611-9968",1224,670003-3,Rua 2 Conj F - Águas Claras / DF,Nubank,ddb8d35210cf3dfc,14/06/2026 15:29:02,1280.3
TX-072,Marcos Alves,(61) 96084-6102,1224,670003-3,"Águas Claras, Rua 2, Bloco F",Banco do Brasil,cliente24@exemplo.com,14/06/2026 07:48:35,3370.07
TX-073,Maria Alves,(61) 98111-9762,1225,299040-6,"QNA 14, Conjunto A, Taguatinga, DF",Itaú,(61) 98111-9762,14/06/2026 14:29:02,1565.7
TX-074,Maria Alves,"(61) 98111-9762, (61) 3961-6982",1225,299040-6,QNA 14 Conj A - Taguatinga / DF,Santander,93633742158,14/06/2026 07:36:09,2506.52
TX-075,Maria Alves,(61) 98111-9762,1225,299040-6,"Taguatinga, QNA 14, Bloco A",Banco do Brasil,6dbb03b1f9692843,14/06/2026 10:06:41,659.39
TX-076,Rafael Rodrigues,(61) 93227-5947,1226,326484-2,"Quadra 17, Conjunto C, Sobradinho, DF",Banco do Brasil,cliente26@exemplo.com,14/06/2026 14:00:54,7435.0
TX-077,Rafael Rodrigues,"(61) 93227-5947, (61) 3373-9357",1226,326484-2,Quadra 17 Conj C - Sobradinho / DF,Banco do Brasil,cliente26@exemplo.com,14/06/2026 22:47:00,3408.08
TX-078,Rafael Rodrigues,(61) 93227-5947,1226,326484-2,"Sobradinho, Quadra 17, Bloco C",Caixa,5f2558e5078a17d4,14/06/2026 18:10:15,6060.97
TX-079,Pedro Almeida,(61) 95656-9822,1227,588006-5,"QNM 11, Conjunto A, Ceilândia, DF",Banco do Brasil,94427494441,14/06/2026 13:23:03,1740.31
TX-080,Pedro Almeida,"(61) 95656-9822, (61) 3781-6548",1227,588006-5,QNM 11 Conj A - Ceilândia / DF,Bradesco,76680296461,14/06/2026 13:32:08,2368.2
TX-081,Pedro Almeida,(61) 95656-9822,1227,588006-5,"Ceilândia, QNM 11, Bloco A",Caixa,e7134959c911712c,14/06/2026 17:19:40,2537.13
TX-082,Mariana Gomes,(61) 94854-2673,1228,604248-2,"Quadra 10, Conjunto C, Recanto das Emas, DF",Nubank,cliente28@exemplo.com,14/06/2026 22:55:02,6055.24
TX-083,Mariana Gomes,"(61) 94854-2673, (61) 3746-1864",1228,604248-2,Quadra 10 Conj C - Recanto das Emas / DF,Nubank,cf2b2a44be8de111,14/06/2026 09:51:43,5786.58
TX-084,Mariana Gomes,(61) 94854-2673,1228,604248-2,"Recanto das Emas, Quadra 10, Bloco C",Sicoob,cliente28@exemplo.com,14/06/2026 22:01:15,3753.5
TX-085,Lucas Oliveira,(61) 93552-5533,1229,105495-7,"Setor 15, Conjunto A, Gama, DF",Itaú,518e773865748623,14/06/2026 14:17:47,4785.83
TX-086,Lucas Oliveira,"(61) 93552-5533, (61) 3358-9272",1229,105495-7,Setor 15 Conj A - Gama / DF,Sicoob,57160024684,14/06/2026 21:45:26,3481.5
TX-087,Lucas Oliveira,(61) 93552-5533,1229,105495-7,"Gama, Setor 15, Bloco A",Bradesco,(61) 93552-5533,14/06/2026 08:54:02,2405.77
TX-088,Marcelo Souza,(61) 98800-6589,1230,349891-8,"QE 12, Conjunto B, Guará, DF",Sicoob,cliente30@exemplo.com,14/06/2026 18:09:28,3217.11
TX-089,Marcelo Souza,"(61) 98800-6589, (61) 3681-4826",1230,349891-8,QE 12 Conj B - Guará / DF,Nubank,(61) 98800-6589,14/06/2026 21:18:00,2022.41
TX-090,Marcelo Souza,(61) 98800-6589,1230,349891-8,"Guará, QE 12, Bloco B",Banco do Brasil,(61) 98800-6589,14/06/2026 22:57:22,2598.22
TX-091,Maria Fernandes,(61) 92934-3105,1231,933655-0,"QS 32, Conjunto E, Riacho Fundo, DF",Inter,cc6f0bcd1069cf99,14/06/2026 14:10:25,1379.96
TX-092,Maria Fernandes,"(61) 92934-3105, (61) 3529-1164",1231,933655-0,QS 32 Conj E - Riacho Fundo / DF,Banco do Brasil,7d0163c0bcb33cc4,14/06/2026 10:54:21,2972.41
TX-093,Maria Fernandes,(61) 92934-3105,1231,933655-0,"Riacho Fundo, QS 32, Bloco E",Caixa,322a43ad1a3e3f94,14/06/2026 13:07:32,676.84
TX-094,Pedro Ribeiro,(61) 93865-4113,1232,226930-5,"Quadra 29, Conjunto F, Sobradinho, DF",Banco do Brasil,16075712673,14/06/2026 14:27:28,7021.68
TX-095,Pedro Ribeiro,"(61) 93865-4113, (61) 3084-2071",1232,226930-5,Quadra 29 Conj F - Sobradinho / DF,Bradesco,d54d121e605d4f19,14/06/2026 23:09:32,2761.51
TX-096,Pedro Ribeiro,(61) 93865-4113,1232,226930-5,"Sobradinho, Quadra 29, Bloco F",Banco do Brasil,cliente32@exemplo.com,14/06/2026 08:04:21,207.09
TX-097,Juliana Oliveira,(61) 96265-1540,1233,510869-8,"SQS 21, Conjunto F, Plano Piloto, DF",Sicoob,(61) 96265-1540,14/06/2026 11:53:09,2708.44
TX-098,Juliana Oliveira,"(61) 96265-1540, (61) 3845-4352",1233,510869-8,SQS 21 Conj F - Plano Piloto / DF,Nubank,77068636928,14/06/2026 16:07:48,1563.88
TX-099,Juliana Oliveira,(61) 96265-1540,1233,510869-8,"Plano Piloto, SQS 21, Bloco F",Caixa,38bd38f48ee08031,14/06/2026 11:06:44,6830.02
TX-100,Amanda Lopes,(61) 98594-8902,1234,270561-3,"Setor 29, Conjunto D, Gama, DF",Santander,(61) 98594-8902,14/06/2026 20:46:58,5398.98
TX-101,Amanda Lopes,"(61) 98594-8902, (61) 3807-6420",1234,270561-3,Setor 29 Conj D - Gama / DF,Banco do Brasil,774af9aaddc909a1,14/06/2026 12:00:05,6798.99
TX-102,Amanda Lopes,(61) 98594-8902,1234,270561-3,"Gama, Setor 29, Bloco D",Santander,(61) 98594-8902,14/06/2026 17:25:54,4248.89
TX-103,Fernanda Rodrigues,(61) 93118-4819,1235,742455-8,"QN 27, Conjunto E, Samambaia, DF",Inter,(61) 93118-4819,14/06/2026 14:34:43,5829.18
TX-104,Fernanda Rodrigues,"(61) 93118-4819, (61) 3792-1939",1235,742455-8,QN 27 Conj E - Samambaia / DF,Santander,cliente35@exemplo.com,14/06/2026 09:59:58,6060.97
TX-105,Fernanda Rodrigues,(61) 93118-4819,1235,742455-8,"Samambaia, QN 27, Bloco E",Bradesco,102c62758c36ea2a,14/06/2026 08:24:37,3496.09
TX-106,Rafael Costa,(61) 93756-6640,1236,763406-2,"QN 20, Conjunto D, Samambaia, DF",Inter,9de9f09b44aa8220,14/06/2026 09:38:10,4601.36
TX-107,Rafael Costa,"(61) 93756-6640, (61) 3716-3102",1236,763406-2,QN 20 Conj D - Samambaia / DF,Itaú,cliente36@exemplo.com,14/06/2026 10:20:18,5627.44
TX-108,Rafael Costa,(61) 93756-6640,1236,763406-2,"Samambaia, QN 20, Bloco D",Sicoob,cliente36@exemplo.com,14/06/2026 12:16:59,197.99
TX-109,Maria Soares,(61) 93642-6337,1237,266159-5,"QNM 3, Conjunto C, Ceilândia, DF",Sicoob,cliente37@exemplo.com,14/06/2026 10:40:05,3266.28
TX-110,Maria Soares,"(61) 93642-6337, (61) 3040-2647",1237,266159-5,QNM 3 Conj C - Ceilândia / DF,Banco do Brasil,96917453866,14/06/2026 08:36:35,3111.3
TX-111,Maria Soares,(61) 93642-6337,1237,266159-5,"Ceilândia, QNM 3, Bloco C",Nubank,(61) 93642-6337,14/06/2026 09:39:15,3381.99
TX-112,Juliana Carvalho,(61) 97042-7550,1238,234056-9,"QS 32, Conjunto C, Riacho Fundo, DF",Nubank,cliente38@exemplo.com,14/06/2026 14:23:27,1447.34
TX-113,Juliana Carvalho,"(61) 97042-7550, (61) 3980-1369",1238,234056-9,QS 32 Conj C - Riacho Fundo / DF,Inter,257114ca817a2170,14/06/2026 12:06:47,1195.64
TX-114,Juliana Carvalho,(61) 97042-7550,1238,234056-9,"Riacho Fundo, QS 32, Bloco C",Banco do Brasil,beaef179e56aacbf,14/06/2026 09:52:14,712.87
TX-115,Felipe Silva,(61) 91267-9173,1239,758662-2,"QNM 36, Conjunto F, Ceilândia, DF",Banco do Brasil,b7d28226eb6b160b,14/06/2026 20:39:14,5930.37
TX-116,Felipe Silva,"(61) 91267-9173, (61) 3736-7638",1239,758662-2,QNM 36 Conj F - Ceilândia / DF,Caixa,(61) 91267-9173,14/06/2026 11:17:35,1774.34
TX-117,Felipe Silva,(61) 91267-9173,1239,758662-2,"Ceilândia, QNM 36, Bloco F",Inter,cliente39@exemplo.com,14/06/2026 09:35:39,71.34
TX-118,Felipe Rodrigues,(61) 97718-9403,1240,846336-1,"QNA 12, Conjunto D, Taguatinga, DF",Caixa,84887322831,14/06/2026 12:30:32,723.36
TX-119,Felipe Rodrigues,"(61) 97718-9403, (61) 3309-8999",1240,846336-1,QNA 12 Conj D - Taguatinga / DF,Bradesco,44967150573,14/06/2026 14:41:40,958.74
TX-120,Felipe Rodrigues,(61) 97718-9403,1240,846336-1,"Taguatinga, QNA 12, Bloco D",Banco do Brasil,4d6a4ed8d9c75790,14/06/2026 20:51:47,5225.8
TX-121,Marcelo Rodrigues,(61) 97107-3038,1241,603138-5,"SQS 18, Conjunto E, Plano Piloto, DF",Bradesco,95938825914,14/06/2026 15:59:05,2809.53
TX-122,Marcelo Rodrigues,"(61) 97107-3038, (61) 3236-6872",1241,603138-5,SQS 18 Conj E - Plano Piloto / DF,Inter,2daaa934268c7c99,14/06/2026 14:41:28,1349.89
TX-123,Marcelo Rodrigues,(61) 97107-3038,1241,603138-5,"Plano Piloto, SQS 18, Bloco E",Sicoob,cliente41@exemplo.com,14/06/2026 18:31:21,5669.81
TX-124,Gustavo Lima,(61) 94995-8017,1242,955641-8,"QN 17, Conjunto E, Samambaia, DF",Santander,b3d43e5388da1ec5,14/06/2026 13:15:53,5156.13
TX-125,Gustavo Lima,"(61) 94995-8017, (61) 3380-7186",1242,955641-8,QN 17 Conj E - Samambaia / DF,Sicoob,cliente42@exemplo.com,14/06/2026 07:05:45,1694.8
TX-126,Gustavo Lima,(61) 94995-8017,1242,955641-8,"Samambaia, QN 17, Bloco E",Bradesco,cliente42@exemplo.com,14/06/2026 17:12:14,3338.83
TX-127,Carlos Oliveira,(61) 96248-1061,1243,847905-9,"Rua 30, Conjunto F, Águas Claras, DF",Caixa,28294503342,14/06/2026 07:55:15,1371.64
TX-128,Carlos Oliveira,"(61) 96248-1061, (61) 3668-8639",1243,847905-9,Rua 30 Conj F - Águas Claras / DF,Inter,cliente43@exemplo.com,14/06/2026 10:06:42,3982.52
TX-129,Carlos Oliveira,(61) 96248-1061,1243,847905-9,"Águas Claras, Rua 30, Bloco F",Santander,(61) 96248-1061,14/06/2026 09:57:41,4105.23
TX-130,Camila Soares,(61) 97871-5254,1244,159016-6,"QN 5, Conjunto B, Samambaia, DF",Caixa,a6306febffe8f418,14/06/2026 19:38:49,6700.12
TX-131,Camila Soares,"(61) 97871-5254, (61) 3997-6325",1244,159016-6,QN 5 Conj B - Samambaia / DF,Santander,cliente44@exemplo.com,14/06/2026 22:30:23,2086.87
TX-132,Camila Soares,(61) 97871-5254,1244,159016-6,"Samambaia, QN 5, Bloco B",Itaú,0a4fc3919e803d18,14/06/2026 20:04:29,1797.58
TX-133,Amanda Rodrigues,(61) 94753-2686,1245,586857-6,"QE 40, Conjunto E, Guará, DF",Nubank,(61) 94753-2686,14/06/2026 22:34:50,7108.91
TX-134,Amanda Rodrigues,"(61) 94753-2686, (61) 3530-9099",1245,586857-6,QE 40 Conj E - Guará / DF,Sicoob,79030443904,14/06/2026 10:47:01,4033.77
TX-135,Amanda Rodrigues,(61) 94753-2686,1245,586857-6,"Guará, QE 40, Bloco E",Bradesco,cliente45@exemplo.com,14/06/2026 15:28:18,6005.81
TX-136,Rafael Carvalho,(61) 99460-4498,1246,944945-3,"QE 34, Conjunto B, Guará, DF",Caixa,(61) 99460-4498,14/06/2026 17:41:55,6456.88
TX-137,Rafael Carvalho,"(61) 99460-4498, (61) 3846-4153",1246,944945-3,QE 34 Conj B - Guará / DF,Inter,205ae0e4521c872c,14/06/2026 11:53:08,1148.95
TX-138,Rafael Carvalho,(61) 99460-4498,1246,944945-3,"Guará, QE 34, Bloco B",Bradesco,cliente46@exemplo.com,14/06/2026 23:12:23,802.14
TX-139,Marcelo Ferreira,(61) 91338-7061,1247,559301-0,"QS 26, Conjunto F, Riacho Fundo, DF",Banco do Brasil,(61) 91338-7061,14/06/2026 20:12:47,1288.76
TX-140,Marcelo Ferreira,"(61) 91338-7061, (61) 3628-1686",1247,559301-0,QS 26 Conj F - Riacho Fundo / DF,Santander,(61) 91338-7061,14/06/2026 10:20:52,1848.45
TX-141,Marcelo Ferreira,(61) 91338-7061,1247,559301-0,"Riacho Fundo, QS 26, Bloco F",Inter,(61) 91338-7061,14/06/2026 17:02:40,4418.39
TX-142,Beatriz Souza,(61) 95168-8955,1248,395375-7,"QS 24, Conjunto B, Riacho Fundo, DF",Nubank,29953530222,14/06/2026 14:48:31,4799.98
TX-143,Beatriz Souza,"(61) 95168-8955, (61) 3377-9345",1248,395375-7,QS 24 Conj B - Riacho Fundo / DF,Santander,(61) 95168-8955,14/06/2026 19:38:03,5103.83
TX-144,Beatriz Souza,(61) 95168-8955,1248,395375-7,"Riacho Fundo, QS 24, Bloco B",Bradesco,cliente48@exemplo.com,14/06/2026 17:59:13,193.48
TX-145,Letícia Souza,(61) 93804-3080,1249,782182-3,"Quadra 9, Conjunto E, Sobradinho, DF",Itaú,30bc9836bfa8c806,14/06/2026 15:46:24,483.54
TX-146,Letícia Souza,"(61) 93804-3080, (61) 3268-5055",1249,782182-3,Quadra 9 Conj E - Sobradinho / DF,Nubank,cliente49@exemplo.com,14/06/2026 23:33:40,1855.3
TX-147,Letícia Souza,(61) 93804-3080,1249,782182-3,"Sobradinho, Quadra 9, Bloco E",Bradesco,(61) 93804-3080,14/06/2026 21:43:31,1532.28
TX-148,João Pereira,(61) 92056-9807,1250,510669-6,"Quadra 12, Conjunto E, Sobradinho, DF",Inter,(61) 92056-9807,14/06/2026 14:13:11,2686.5
TX-149,João Pereira,"(61) 92056-9807, (61) 3998-6095",1250,510669-6,Quadra 12 Conj E - Sobradinho / DF,Bradesco,97778093719,14/06/2026 19:21:37,5831.08
TX-150,João Pereira,(61) 92056-9807,1250,510669-6,"Sobradinho, Quadra 12, Bloco E",Itaú,74503717596,14/06/2026 20:20:45,4689.02
TX-151,Lucas Souza,(61) 97576-2027,1251,828734-0,"QN 22, Conjunto F, Samambaia, DF",Inter,(61) 97576-2027,14/06/2026 10:14:56,1427.02
TX-152,Lucas Souza,"(61) 97576-2027, (61) 3167-2563",1251,828734-0,QN 22 Conj F - Samambaia / DF,Inter,18745620754,14/06/2026 11:12:28,3580.22
TX-153,Lucas Souza,(61) 97576-2027,1251,828734-0,"Samambaia, QN 22, Bloco F",Sicoob,cliente51@exemplo.com,14/06/2026 16:25:08,5565.42
TX-154,Carlos Carvalho,(61) 94897-2883,1252,709106-9,"Setor 5, Conjunto F, Gama, DF",Inter,89246911260,14/06/2026 19:40:22,6158.2
TX-155,Carlos Carvalho,"(61) 94897-2883, (61) 3432-2784",1252,709106-9,Setor 5 Conj F - Gama / DF,Inter,cliente52@exemplo.com,14/06/2026 09:23:15,1234.7
TX-156,Carlos Carvalho,(61) 94897-2883,1252,709106-9,"Gama, Setor 5, Bloco F",Banco do Brasil,(61) 94897-2883,14/06/2026 21:51:17,1820.01
TX-157,Rafael Lima,(61) 97105-6944,1253,104350-4,"QNM 33, Conjunto C, Ceilândia, DF",Banco do Brasil,47402627492,14/06/2026 07:14:51,5791.9
TX-158,Rafael Lima,"(61) 97105-6944, (61) 3993-2892",1253,104350-4,QNM 33 Conj C - Ceilândia / DF,Bradesco,5e240c7f3ec7916e,14/06/2026 18:48:33,6857.51
TX-159,Rafael Lima,(61) 97105-6944,1253,104350-4,"Ceilândia, QNM 33, Bloco C",Santander,cliente53@exemplo.com,14/06/2026 21:40:39,3643.81
TX-160,Carlos Alves,(61) 92768-2651,1254,177429-0,"Quadra 13, Conjunto E, Sobradinho, DF",Inter,86956054710,14/06/2026 21:19:44,7215.07
TX-161,Carlos Alves,"(61) 92768-2651, (61) 3921-8759",1254,177429-0,Quadra 13 Conj E - Sobradinho / DF,Nubank,cliente54@exemplo.com,14/06/2026 19:25:57,7151.99
TX-162,Carlos Alves,(61) 92768-2651,1254,177429-0,"Sobradinho, Quadra 13, Bloco E",Caixa,cliente54@exemplo.com,14/06/2026 21:37:56,6413.41
TX-163,Amanda Ribeiro,(61) 91298-2473,1255,166027-7,"QNA 17, Conjunto D, Taguatinga, DF",Nubank,1f71446f56af17b0,14/06/2026 18:21:46,3487.09
TX-164,Amanda Ribeiro,"(61) 91298-2473, (61) 3281-9214",1255,166027-7,QNA 17 Conj D - Taguatinga / DF,Bradesco,(61) 91298-2473,14/06/2026 09:21:50,6630.48
TX-165,Amanda Ribeiro,(61) 91298-2473,1255,166027-7,"Taguatinga, QNA 17, Bloco D",Nubank,(61) 91298-2473,14/06/2026 17:47:41,1492.38
TX-166,Felipe Costa,(61) 96154-2178,1256,335119-7,"QNM 29, Conjunto D, Ceilândia, DF",Caixa,528513eb4f39d651,14/06/2026 11:00:44,5018.13
TX-167,Felipe Costa,"(61) 96154-2178, (61) 3095-8720",1256,335119-7,QNM 29 Conj D - Ceilândia / DF,Banco do Brasil,81835278445,14/06/2026 16:23:37,3297.23
TX-168,Felipe Costa,(61) 96154-2178,1256,335119-7,"Ceilândia, QNM 29, Bloco D",Nubank,6dbc6e83e2d467a9,14/06/2026 09:10:08,7251.92
TX-169,Maria Carvalho,(61) 95491-3295,1257,583471-1,"QNA 7, Conjunto E, Taguatinga, DF",Bradesco,(61) 95491-3295,14/06/2026 23:25:53,1031.05
TX-170,Maria Carvalho,"(61) 95491-3295, (61) 3821-5061",1257,583471-1,QNA 7 Conj E - Taguatinga / DF,Inter,1438eb354bb032e2,14/06/2026 22:49:43,6863.83
TX-171,Maria Carvalho,(61) 95491-3295,1257,583471-1,"Taguatinga, QNA 7, Bloco E",Santander,82529120927,14/06/2026 21:55:36,2785.29
TX-172,Juliana Lopes,(61) 95291-4660,1258,909801-0,"Quadra 14, Conjunto D, Recanto das Emas, DF",Nubank,cliente58@exemplo.com,14/06/2026 08:12:13,3844.24
TX-173,Juliana Lopes,"(61) 95291-4660, (61) 3301-8564",1258,909801-0,Quadra 14 Conj D - Recanto das Emas / DF,Bradesco,cliente58@exemplo.com,14/06/2026 18:40:19,1387.79
TX-174,Juliana Lopes,(61) 95291-4660,1258,909801-0,"Recanto das Emas, Quadra 14, Bloco D",Inter,(61) 95291-4660,14/06/2026 08:22:25,3138.0
TX-175,Carlos Lopes,(61) 93601-1127,1259,865157-7,"QS 1, Conjunto F, Riacho Fundo, DF",Caixa,d0571e422bc92f15,14/06/2026 10:47:28,2345.04
TX-176,Carlos Lopes,"(61) 93601-1127, (61) 3296-9253",1259,865157-7,QS 1 Conj F - Riacho Fundo / DF,Itaú,41963650772,14/06/2026 20:08:49,6414.56
TX-177,Carlos Lopes,(61) 93601-1127,1259,865157-7,"Riacho Fundo, QS 1, Bloco F",Santander,cliente59@exemplo.com,14/06/2026 13:13:18,6698.74
TX-178,Gustavo Almeida,(61) 92052-4168,1260,881807-9,"QN 2, Conjunto E, Samambaia, DF",Nubank,cliente60@exemplo.com,14/06/2026 09:31:07,7219.88
TX-179,Gustavo Almeida,"(61) 92052-4168, (61) 3783-8532",1260,881807-9,QN 2 Conj E - Samambaia / DF,Sicoob,40451297068,14/06/2026 16:26:54,7097.53
TX-180,Gustavo Almeida,(61) 92052-4168,1260,881807-9,"Samambaia, QN 2, Bloco E",Nubank,(61) 92052-4168,14/06/2026 18:24:52,5205.31
TX-181,Pedro Martins,(61) 91405-5223,1261,610402-1,"QS 22, Conjunto F, Riacho Fundo, DF",Nubank,33776294193,14/06/2026 15:36:36,1504.44
TX-182,Pedro Martins,"(61) 91405-5223, (61) 3217-7286",1261,610402-1,QS 22 Conj F - Riacho Fundo / DF,Sicoob,cliente61@exemplo.com,14/06/2026 11:59:50,146.67
TX-183,Pedro Martins,(61) 91405-5223,1261,610402-1,"Riacho Fundo, QS 22, Bloco F",Sicoob,(61) 91405-5223,14/06/2026 21:28:08,5884.53
TX-184,Camila Ferreira,(61) 95633-3324,1262,663245-7,"QNM 38, Conjunto D, Ceilândia, DF",Bradesco,39591525414,14/06/2026 18:58:20,5036.87
TX-185,Camila Ferreira,"(61) 95633-3324, (61) 3821-2836",1262,663245-7,QNM 38 Conj D - Ceilândia / DF,Sicoob,(61) 95633-3324,14/06/2026 07:23:13,7171.96
TX-186,Camila Ferreira,(61) 95633-3324,1262,663245-7,"Ceilândia, QNM 38, Bloco D",Sicoob,78526711046,14/06/2026 18:16:26,1667.4
TX-187,Fernanda Pereira,(61) 92973-7169,1263,996282-6,"QNM 13, Conjunto A, Ceilândia, DF",Nubank,cliente63@exemplo.com,14/06/2026 10:44:33,1937.78
TX-188,Fernanda Pereira,"(61) 92973-7169, (61) 3354-2700",1263,996282-6,QNM 13 Conj A - Ceilândia / DF,Banco do Brasil,cliente63@exemplo.com,14/06/2026 11:53:48,43.31
TX-189,Fernanda Pereira,(61) 92973-7169,1263,996282-6,"Ceilândia, QNM 13, Bloco A",Itaú,14f58630aa6f69d8,14/06/2026 16:32:16,2450.38
TX-190,Beatriz Rodrigues,(61) 96697-6086,1264,511017-6,"Setor 25, Conjunto B, Gama, DF",Banco do Brasil,cliente64@exemplo.com,14/06/2026 23:27:47,6879.0
TX-191,Beatriz Rodrigues,"(61) 96697-6086, (61) 3979-8660",1264,511017-6,Setor 25 Conj B - Gama / DF,Inter,(61) 96697-6086,14/06/2026 18:28:05,6759.6
TX-192,Beatriz Rodrigues,(61) 96697-6086,1264,511017-6,"Gama, Setor 25, Bloco B",Nubank,69730094371,14/06/2026 07:55:44,4553.76
TX-193,Gustavo Silva,(61) 96079-6997,1265,205799-3,"QS 11, Conjunto C, Riacho Fundo, DF",Itaú,dad9f4daff6a6870,14/06/2026 16:08:10,2262.79
TX-194,Gustavo Silva,"(61) 96079-6997, (61) 3603-5355",1265,205799-3,QS 11 Conj C - Riacho Fundo / DF,Itaú,21397086217,14/06/2026 11:50:24,2684.09
TX-195,Gustavo Silva,(61) 96079-6997,1265,205799-3,"Riacho Fundo, QS 11, Bloco C",Itaú,38093650864,14/06/2026 08:27:16,3996.84
TX-196,Felipe Almeida,(61) 98530-9493,1266,632763-9,"SQS 17, Conjunto C, Plano Piloto, DF",Nubank,(61) 98530-9493,14/06/2026 16:19:26,4189.49
TX-197,Felipe Almeida,"(61) 98530-9493, (61) 3045-3086",1266,632763-9,SQS 17 Conj C - Plano Piloto / DF,Sicoob,cliente66@exemplo.com,14/06/2026 22:15:50,7319.42
TX-198,Felipe Almeida,(61) 98530-9493,1266,632763-9,"Plano Piloto, SQS 17, Bloco C",Caixa,cliente66@exemplo.com,14/06/2026 11:11:01,3118.86
TX-199,Fernanda Oliveira,(61) 96539-5664,1267,623673-0,"QNM 31, Conjunto B, Ceilândia, DF",Bradesco,(61) 96539-5664,14/06/2026 22:16:40,2786.12
TX-200,Fernanda Oliveira,"(61) 96539-5664, (61) 3532-1516",1267,623673-0,QNM 31 Conj B - Ceilândia / DF,Itaú,(61) 96539-5664,14/06/2026 21:45:35,873.36
TX-201,Fernanda Oliveira,(61) 96539-5664,1267,623673-0,"Ceilândia, QNM 31, Bloco B",Bradesco,cliente67@exemplo.com,14/06/2026 18:29:40,1911.64
TX-202,Fernanda Alves,(61) 95095-8741,1268,637200-5,"Quadra 37, Conjunto B, Recanto das Emas, DF",Sicoob,(61) 95095-8741,14/06/2026 21:53:58,5730.01
TX-203,Fernanda Alves,"(61) 95095-8741, (61) 3292-9853",1268,637200-5,Quadra 37 Conj B - Recanto das Emas / DF,Sicoob,5b093bdfb2d5cf37,14/06/2026 12:56:55,3667.31
TX-204,Fernanda Alves,(61) 95095-8741,1268,637200-5,"Recanto das Emas, Quadra 37, Bloco B",Nubank,65392882261,14/06/2026 07:57:37,3994.58
TX-205,Rodrigo Oliveira,(61) 92124-5489,1269,405450-7,"QNA 12, Conjunto D, Taguatinga, DF",Banco do Brasil,(61) 92124-5489,14/06/2026 13:05:09,4732.34
TX-206,Rodrigo Oliveira,"(61) 92124-5489, (61) 3293-2930",1269,405450-7,QNA 12 Conj D - Taguatinga / DF,Bradesco,cliente69@exemplo.com,14/06/2026 18:20:54,584.09
TX-207,Rodrigo Oliveira,(61) 92124-5489,1269,405450-7,"Taguatinga, QNA 12, Bloco D",Sicoob,b4cfb0310dffe24f,14/06/2026 08:53:59,7178.14
TX-208,Rodrigo Gomes,(61) 94913-1983,1270,282563-8,"QN 12, Conjunto A, Samambaia, DF",Bradesco,40575318092,14/06/2026 18:00:44,275.95
TX-209,Rodrigo Gomes,"(61) 94913-1983, (61) 3218-9569",1270,282563-8,QN 12 Conj A - Samambaia / DF,Sicoob,cliente70@exemplo.com,14/06/2026 19:26:52,6067.2
TX-210,Rodrigo Gomes,(61) 94913-1983,1270,282563-8,"Samambaia, QN 12, Bloco A",Itaú,(61) 94913-1983,14/06/2026 12:53:11,1051.4
TX-211,Beatriz Almeida,(61) 93026-5467,1271,348283-8,"Quadra 5, Conjunto A, Recanto das Emas, DF",Sicoob,28686034968,14/06/2026 16:24:46,6149.19
TX-212,Beatriz Almeida,"(61) 93026-5467, (61) 3625-2062",1271,348283-8,Quadra 5 Conj A - Recanto das Emas / DF,Banco do Brasil,40289184095,14/06/2026 13:59:29,4721.62
TX-213,Beatriz Almeida,(61) 93026-5467,1271,348283-8,"Recanto das Emas, Quadra 5, Bloco A",Inter,d72ab034c4ebbd61,14/06/2026 07:18:55,1573.48
TX-214,Camila Rodrigues,(61) 95849-1893,1272,894984-1,"Quadra 30, Conjunto D, Recanto das Emas, DF",Santander,cliente72@exemplo.com,14/06/2026 12:19:05,3646.19
TX-215,Camila Rodrigues,"(61) 95849-1893, (61) 3410-8674",1272,894984-1,Quadra 30 Conj D - Recanto das Emas / DF,Inter,59065697315,14/06/2026 23:24:15,2856.54
TX-216,Camila Rodrigues,(61) 95849-1893,1272,894984-1,"Recanto das Emas, Quadra 30, Bloco D",Banco do Brasil,(61) 95849-1893,14/06/2026 13:00:08,4806.03
TX-217,Camila Lopes,(61) 92355-8641,1273,890386-6,"Quadra 24, Conjunto C, Recanto das Emas, DF",Itaú,55330873565,14/06/2026 19:17:31,1385.91
TX-218,Camila Lopes,"(61) 92355-8641, (61) 3531-5452",1273,890386-6,Quadra 24 Conj C - Recanto das Emas / DF,Caixa,735cb66abb64caec,14/06/2026 13:56:47,2317.22
TX-219,Camila Lopes,(61) 92355-8641,1273,890386-6,"Recanto das Emas, Quadra 24, Bloco C",Sicoob,39c4a1c6e3cb42d3,14/06/2026 20:09:23,2523.81
TX-220,Marcos Santos,(61) 95523-6159,1274,495538-1,"QNA 14, Conjunto F, Taguatinga, DF",Sicoob,09a39039b95f6380,14/06/2026 16:25:21,5678.28
TX-221,Marcos Santos,"(61) 95523-6159, (61) 3243-4317",1274,495538-1,QNA 14 Conj F - Taguatinga / DF,Itaú,(61) 95523-6159,14/06/2026 14:38:59,26.99
TX-222,Marcos Santos,(61) 95523-6159,1274,495538-1,"Taguatinga, QNA 14, Bloco F",Nubank,80428471319,14/06/2026 07:47:19,2450.09
TX-223,Gustavo Martins,(61) 92705-3493,1275,393491-2,"Rua 22, Conjunto E, Águas Claras, DF",Sicoob,fb4fb54fd8d87be2,14/06/2026 22:52:12,2321.33
TX-224,Gustavo Martins,"(61) 92705-3493, (61) 3932-2162",1275,393491-2,Rua 22 Conj E - Águas Claras / DF,Santander,28295197343,14/06/2026 10:37:34,2043.25
TX-225,Gustavo Martins,(61) 92705-3493,1275,393491-2,"Águas Claras, Rua 22, Bloco E",Inter,23299620503,14/06/2026 21:06:57,4654.88
TX-226,Lucas Gomes,(61) 94779-3106,1276,947511-0,"Rua 28, Conjunto A, Águas Claras, DF",Nubank,38121224678,14/06/2026 11:56:03,2573.91
TX-227,Lucas Gomes,"(61) 94779-3106, (61) 3388-2063",1276,947511-0,Rua 28 Conj A - Águas Claras / DF,Bradesco,(61) 94779-3106,14/06/2026 22:42:35,2673.98
TX-228,Lucas Gomes,(61) 94779-3106,1276,947511-0,"Águas Claras, Rua 28, Bloco A",Banco do Brasil,84a4980f447986c5,14/06/2026 12:47:26,138.06
TX-229,Fernanda Gomes,(61) 91815-4291,1277,543984-4,"Quadra 11, Conjunto C, Sobradinho, DF",Nubank,cliente77@exemplo.com,14/06/2026 12:50:24,1284.42
TX-230,Fernanda Gomes,"(61) 91815-4291, (61) 3684-5147",1277,543984-4,Quadra 11 Conj C - Sobradinho / DF,Santander,cliente77@exemplo.com,14/06/2026 12:48:19,3375.52
TX-231,Fernanda Gomes,(61) 91815-4291,1277,543984-4,"Sobradinho, Quadra 11, Bloco C",Caixa,(61) 91815-4291,14/06/2026 11:20:52,6475.77
TX-232,Gustavo Ribeiro,(61) 94959-1863,1278,887965-8,"QE 12, Conjunto D, Guará, DF",Inter,36307545687,14/06/2026 07:44:09,5369.32
TX-233,Gustavo Ribeiro,"(61) 94959-1863, (61) 3759-7131",1278,887965-8,QE 12 Conj D - Guará / DF,Itaú,cliente78@exemplo.com,14/06/2026 09:44:06,118.68
TX-234,Gustavo Ribeiro,(61) 94959-1863,1278,887965-8,"Guará, QE 12, Bloco D",Nubank,cliente78@exemplo.com,14/06/2026 23:14:33,5040.41
TX-235,Maria Martins,(61) 94637-4239,1279,513176-9,"QE 5, Conjunto D, Guará, DF",Banco do Brasil,cliente79@exemplo.com,14/06/2026 17:52:23,4966.05
TX-236,Maria Martins,"(61) 94637-4239, (61) 3508-4039",1279,513176-9,QE 5 Conj D - Guará / DF,Itaú,56074df65ddbc5de,14/06/2026 19:53:24,450.44
TX-237,Maria Martins,(61) 94637-4239,1279,513176-9,"Guará, QE 5, Bloco D",Sicoob,(61) 94637-4239,14/06/2026 07:18:40,2006.04
TX-238,Marcos Pereira,(61) 99714-6366,1280,600361-9,"QE 21, Conjunto C, Guará, DF",Bradesco,(61) 99714-6366,14/06/2026 11:06:28,6330.47
TX-239,Marcos Pereira,"(61) 99714-6366, (61) 3703-7258",1280,600361-9,QE 21 Conj C - Guará / DF,Sicoob,35679592709,14/06/2026 07:31:26,74.35
TX-240,Marcos Pereira,(61) 99714-6366,1280,600361-9,"Guará, QE 21, Bloco C",Nubank,834b3fe4a25387ac,14/06/2026 19:43:41,3158.37
TX-241,Marcelo Lopes,(61) 96997-8776,1281,893301-6,"Rua 24, Conjunto F, Águas Claras, DF",Bradesco,(61) 96997-8776,14/06/2026 17:27:18,3919.23
TX-242,Marcelo Lopes,"(61) 96997-8776, (61) 3546-6940",1281,893301-6,Rua 24 Conj F - Águas Claras / DF,Nubank,32615de9c00a8399,14/06/2026 21:49:48,4461.97
TX-243,Marcelo Lopes,(61) 96997-8776,1281,893301-6,"Águas Claras, Rua 24, Bloco F",Bradesco,cliente81@exemplo.com,14/06/2026 07:30:47,6104.38
TX-244,Juliana Martins,(61) 98813-5482,1282,915806-9,"SQS 21, Conjunto E, Plano Piloto, DF",Caixa,cliente82@exemplo.com,14/06/2026 08:45:16,6237.61
TX-245,Juliana Martins,"(61) 98813-5482, (61) 3866-2339",1282,915806-9,SQS 21 Conj E - Plano Piloto / DF,Banco do Brasil,(61) 98813-5482,14/06/2026 07:04:30,4137.32
TX-246,Juliana Martins,(61) 98813-5482,1282,915806-9,"Plano Piloto, SQS 21, Bloco E",Santander,cliente82@exemplo.com,14/06/2026 23:27:22,5517.97
TX-247,Carolina Fernandes,(61) 97816-2414,1283,141276-9,"QN 9, Conjunto E, Samambaia, DF",Bradesco,b1ca00231546870e,14/06/2026 10:28:16,5855.39
TX-248,Carolina Fernandes,"(61) 97816-2414, (61) 3540-5465",1283,141276-9,QN 9 Conj E - Samambaia / DF,Sicoob,5314567e9f019396,14/06/2026 21:54:00,4718.61
TX-249,Carolina Fernandes,(61) 97816-2414,1283,141276-9,"Samambaia, QN 9, Bloco E",Bradesco,cliente83@exemplo.com,14/06/2026 16:57:28,6933.64
TX-250,Beatriz Costa,(61) 95776-8113,1284,444099-1,"SQS 12, Conjunto A, Plano Piloto, DF",Caixa,(61) 95776-8113,14/06/2026 13:21:32,4513.18
TX-251,Beatriz Costa,"(61) 95776-8113, (61) 3419-4752",1284,444099-1,SQS 12 Conj A - Plano Piloto / DF,Bradesco,cliente84@exemplo.com,14/06/2026 23:37:18,646.82
TX-252,Beatriz Costa,(61) 95776-8113,1284,444099-1,"Plano Piloto, SQS 12, Bloco A",Nubank,52699117924,14/06/2026 15:14:44,6813.62
TX-253,Fernanda Santos,(61) 92293-9022,1285,711970-6,"Setor 25, Conjunto A, Gama, DF",Bradesco,(61) 92293-9022,14/06/2026 08:14:12,3025.72
TX-254,Fernanda Santos,"(61) 92293-9022, (61) 3099-5047",1285,711970-6,Setor 25 Conj A - Gama / DF,Sicoob,75e712d2c2bf76da,14/06/2026 16:21:12,6625.21
TX-255,Fernanda Santos,(61) 92293-9022,1285,711970-6,"Gama, Setor 25, Bloco A",Santander,386e9a58fc1e6135,14/06/2026 19:45:56,6312.88
TX-256,Marcelo Carvalho,(61) 98143-8834,1286,910720-5,"Setor 19, Conjunto B, Gama, DF",Sicoob,80b8c547a43fea7d,14/06/2026 09:08:45,3896.94
TX-257,Marcelo Carvalho,"(61) 98143-8834, (61) 3076-7443",1286,910720-5,Setor 19 Conj B - Gama / DF,Caixa,80689705586,14/06/2026 12:06:57,3662.71
TX-258,Marcelo Carvalho,(61) 98143-8834,1286,910720-5,"Gama, Setor 19, Bloco B",Santander,(61) 98143-8834,14/06/2026 16:40:07,533.82
TX-259,João Carvalho,(61) 91606-1834,1287,721076-4,"SQS 16, Conjunto B, Plano Piloto, DF",Itaú,92232814782,14/06/2026 16:05:54,5325.26
TX-260,João Carvalho,"(61) 91606-1834, (61) 3024-2811",1287,721076-4,SQS 16 Conj B - Plano Piloto / DF,Sicoob,cliente87@exemplo.com,14/06/2026 22:34:48,4747.62
TX-261,João Carvalho,(61) 91606-1834,1287,721076-4,"Plano Piloto, SQS 16, Bloco B",Bradesco,26398638736,14/06/2026 14:51:20,3308.57
TX-262,Felipe Lima,(61) 92238-4823,1288,281997-1,"Rua 11, Conjunto F, Águas Claras, DF",Banco do Brasil,53775447828,14/06/2026 07:05:17,2204.84
TX-263,Felipe Lima,"(61) 92238-4823, (61) 3921-1569",1288,281997-1,Rua 11 Conj F - Águas Claras / DF,Santander,55538996371,14/06/2026 21:15:05,3477.04
TX-264,Felipe Lima,(61) 92238-4823,1288,281997-1,"Águas Claras, Rua 11, Bloco F",Banco do Brasil,cliente88@exemplo.com,14/06/2026 14:26:59,2222.76
TX-265,Gustavo Santos,(61) 94720-5657,1289,979465-3,"QE 28, Conjunto D, Guará, DF",Nubank,ed63c91ed3f9a70b,14/06/2026 18:48:49,3264.48
TX-266,Gustavo Santos,"(61) 94720-5657, (61) 3076-3297",1289,979465-3,QE 28 Conj D - Guará / DF,Inter,(61) 94720-5657,14/06/2026 13:20:25,5786.35
TX-267,Gustavo Santos,(61) 94720-5657,1289,979465-3,"Guará, QE 28, Bloco D",Santander,(61) 94720-5657,14/06/2026 10:09:29,5717.26
TX-268,Fernanda Lopes,(61) 97411-7098,1290,449857-0,"SQS 26, Conjunto E, Plano Piloto, DF",Banco do Brasil,cliente90@exemplo.com,14/06/2026 22:37:10,6444.12
TX-269,Fernanda Lopes,"(61) 97411-7098, (61) 3686-5461",1290,449857-0,SQS 26 Conj E - Plano Piloto / DF,Inter,cliente90@exemplo.com,14/06/2026 21:52:02,1264.46
TX-270,Fernanda Lopes,(61) 97411-7098,1290,449857-0,"Plano Piloto, SQS 26, Bloco E",Sicoob,cliente90@exemplo.com,14/06/2026 12:48:37,2554.06
TX-271,Marcos Silva,(61) 94692-8351,1291,620805-4,"Setor 38, Conjunto F, Gama, DF",Banco do Brasil,(61) 94692-8351,14/06/2026 20:22:06,4968.76
TX-272,Marcos Silva,"(61) 94692-8351, (61) 3891-6523",1291,620805-4,Setor 38 Conj F - Gama / DF,Itaú,cliente91@exemplo.com,14/06/2026 21:40:14,4350.81
TX-273,Marcos Silva,(61) 94692-8351,1291,620805-4,"Gama, Setor 38, Bloco F",Inter,cliente91@exemplo.com,14/06/2026 10:04:59,5394.21
TX-274,Camila Gomes,(61) 91204-9840,1292,177880-7,"Rua 9, Conjunto F, Águas Claras, DF",Bradesco,56033957852,14/06/2026 19:20:16,1843.3
TX-275,Camila Gomes,"(61) 91204-9840, (61) 3550-8378",1292,177880-7,Rua 9 Conj F - Águas Claras / DF,Caixa,a184b3f441a56f72,14/06/2026 19:00:00,2815.45
TX-276,Camila Gomes,(61) 91204-9840,1292,177880-7,"Águas Claras, Rua 9, Bloco F",Nubank,(61) 91204-9840,14/06/2026 15:28:02,1073.26
TX-277,Mariana Almeida,(61) 97974-8912,1293,223053-1,"Quadra 21, Conjunto B, Recanto das Emas, DF",Sicoob,cliente93@exemplo.com,14/06/2026 18:00:15,4564.41
TX-278,Mariana Almeida,"(61) 97974-8912, (61) 3718-9691",1293,223053-1,Quadra 21 Conj B - Recanto das Emas / DF,Inter,98822121797,14/06/2026 19:41:00,6307.81
TX-279,Mariana Almeida,(61) 97974-8912,1293,223053-1,"Recanto das Emas, Quadra 21, Bloco B",Itaú,(61) 97974-8912,14/06/2026 14:16:29,1160.62
TX-280,Lucas Silva,(61) 93152-9961,1294,179155-4,"Quadra 16, Conjunto D, Sobradinho, DF",Inter,cliente94@exemplo.com,14/06/2026 20:42:43,2033.78
TX-281,Lucas Silva,"(61) 93152-9961, (61) 3772-6313",1294,179155-4,Quadra 16 Conj D - Sobradinho / DF,Bradesco,13554081735,14/06/2026 22:57:50,3981.2
TX-282,Lucas Silva,(61) 93152-9961,1294,179155-4,"Sobradinho, Quadra 16, Bloco D",Itaú,40d2f0bbdd7c1da9,14/06/2026 08:09:03,5499.26
TX-283,Juliana Soares,(61) 93875-7525,1295,753370-1,"Quadra 18, Conjunto E, Sobradinho, DF",Itaú,(61) 93875-7525,14/06/2026 10:10:59,2416.83
TX-284,Juliana Soares,"(61) 93875-7525, (61) 3754-3643",1295,753370-1,Quadra 18 Conj E - Sobradinho / DF,Itaú,57842246851,14/06/2026 16:11:18,6501.46
TX-285,Juliana Soares,(61) 93875-7525,1295,753370-1,"Sobradinho, Quadra 18, Bloco E",Nubank,(61) 93875-7525,14/06/2026 20:31:14,475.96
TX-286,Maria Silva,(61) 94485-3261,1296,502302-5,"QS 34, Conjunto E, Riacho Fundo, DF",Bradesco,90425601220,14/06/2026 20:45:24,7065.32
TX-287,Maria Silva,"(61) 94485-3261, (61) 3817-4388",1296,502302-5,QS 34 Conj E - Riacho Fundo / DF,Sicoob,24728469724,14/06/2026 19:14:50,5704.97
TX-288,Maria Silva,(61) 94485-3261,1296,502302-5,"Riacho Fundo, QS 34, Bloco E",Inter,a52ba8d8b87b3571,14/06/2026 10:46:43,716.86
TX-289,Letícia Carvalho,(61) 95592-3984,1297,394626-7,"Rua 18, Conjunto F, Águas Claras, DF",Inter,(61) 95592-3984,14/06/2026 09:45:50,7366.95
TX-290,Letícia Carvalho,"(61) 95592-3984, (61) 3803-5153",1297,394626-7,Rua 18 Conj F - Águas Claras / DF,Inter,e974daf51826d349,14/06/2026 07:22:55,3555.37
TX-291,Letícia Carvalho,(61) 95592-3984,1297,394626-7,"Águas Claras, Rua 18, Bloco F",Bradesco,(61) 95592-3984,14/06/2026 08:37:01,3236.64
TX-292,Maria Costa,(61) 91749-3204,1298,295227-8,"Setor 11, Conjunto A, Gama, DF",Inter,cliente98@exemplo.com,14/06/2026 15:46:56,1698.48
TX-293,Maria Costa,"(61) 91749-3204, (61) 3825-4627",1298,295227-8,Setor 11 Conj A - Gama / DF,Inter,cliente98@exemplo.com,14/06/2026 16:58:21,4658.86
TX-294,Maria Costa,(61) 91749-3204,1298,295227-8,"Gama, Setor 11, Bloco A",Itaú,(61) 91749-3204,14/06/2026 20:51:04,266.16
TX-295,Juliana Gomes,(61) 95796-1449,1299,602680-1,"SQS 11, Conjunto B, Plano Piloto, DF",Banco do Brasil,368f00477b1765e6,14/06/2026 22:09:28,238.95
TX-296,Juliana Gomes,"(61) 95796-1449, (61) 3775-3440",1299,602680-1,SQS 11 Conj B - Plano Piloto / DF,Itaú,cc9190321bbe8da4,14/06/2026 18:53:23,1897.88
TX-297,Juliana Gomes,(61) 95796-1449,1299,602680-1,"Plano Piloto, SQS 11, Bloco B",Nubank,41069421045,14/06/2026 19:01:32,896.45
TX-298,Lucas Costa,(61) 95821-6687,1300,256556-6,"QS 22, Conjunto D, Riacho Fundo, DF",Bradesco,(61) 95821-6687,14/06/2026 08:40:13,5930.72
TX-299,Lucas Costa,"(61) 95821-6687, (61) 3079-2969",1300,256556-6,QS 22 Conj D - Riacho Fundo / DF,Caixa,90721108646,14/06/2026 09:50:08,6984.78
TX-300,Lucas Costa,(61) 95821-6687,1300,256556-6,"Riacho Fundo, QS 22, Bloco D",Banco do Brasil,05cd41a687797a12,14/06/2026 19:36:13,3324.07
